기준일자,박스오피스순위,영화명,해당일관객수,누적관객수,스크린수,상영횟수
2026-09-08,1,오디세이,76675,10192012,1590,4654
2026-09-08,2,옵세션,26367,239527,681,1587
2026-09-08,3,스파이더맨: 브랜드 뉴 데이,13287,8819167,669,1595
2026-09-08,4,비광,6559,82428,552,985
2026-09-08,5,싱 어게인,5490,67281,538,773
2026-09-08,6,경주기행,4926,308324,537,935
2026-09-08,7,왕과 사는 남자,1825,16924757,12,14
2026-09-08,8,오크 스트리트의 마지막 날,1032,132622,163,180
2026-09-08,9,인 더 그레이,1011,10211,130,205
2026-09-08,10,사진의 얼굴,801,4831,60,71
2026-09-07,1,오디세이,87379,10115337,1560,4665
2026-09-07,2,옵세션,28062,213160,660,1577
2026-09-07,3,스파이더맨: 브랜드 뉴 데이,13865,8805880,655,1622
2026-09-07,4,싱 어게인,5860,61791,552,807
2026-09-07,5,경주기행,5805,303398,539,979
2026-09-07,6,비광,4477,75869,526,933
2026-09-07,7,오크 스트리트의 마지막 날,1089,131590,167,186
2026-09-07,8,명탐정 코난: 하이웨이의 타천사,905,421534,162,174
2026-09-07,9,인 더 그레이,820,9200,129,202
2026-09-07,10,왕과 사는 남자,600,16922932,3,4
2026-09-06,1,오디세이,259735,10027958,1841,5914
2026-09-06,2,스파이더맨: 브랜드 뉴 데이,54890,8792015,725,1891
2026-09-06,3,옵세션,51463,185098,717,1566
2026-09-06,4,경주기행,17834,297593,612,1041
2026-09-06,5,비광,14419,71392,610,1072
2026-09-06,6,싱 어게인,12004,55931,556,761
2026-09-06,7,사랑의 하츄핑: 고래보석의 전설,8034,858707,344,405
2026-09-06,8,명탐정 코난: 하이웨이의 타천사,2942,420629,183,207
2026-09-06,9,오크 스트리트의 마지막 날,2433,130501,199,235
2026-09-06,10,모모와 다락방의 수상한 요괴들,2274,310413,102,108
2026-09-05,1,오디세이,301242,9768223,1858,6210
2026-09-05,2,스파이더맨: 브랜드 뉴 데이,63671,8737125,720,1981
2026-09-05,3,옵세션,55420,133635,702,1552
2026-09-05,4,경주기행,19641,279759,625,1074
2026-09-05,5,비광,15874,56973,621,1130
2026-09-05,6,싱 어게인,13282,43927,570,787
2026-09-05,7,사랑의 하츄핑: 고래보석의 전설,7944,850673,346,418
2026-09-05,8,인턴,3379,11989,19,19
2026-09-05,9,명탐정 코난: 하이웨이의 타천사,3164,417687,185,212
2026-09-05,10,오크 스트리트의 마지막 날,2849,128068,215,243
2026-09-04,1,오디세이,137399,9466981,1701,5284
2026-09-04,2,옵세션,31562,78215,637,1394
2026-09-04,3,스파이더맨: 브랜드 뉴 데이,28112,8673454,705,1818
2026-09-04,4,경주기행,11941,260118,602,1126
2026-09-04,5,비광,10542,41099,634,1343
2026-09-04,6,싱 어게인,9096,30645,591,969
2026-09-04,7,인턴,8610,8610,38,39
2026-09-04,8,오크 스트리트의 마지막 날,2229,125219,268,310
2026-09-04,9,명탐정 코난: 하이웨이의 타천사,1847,414523,191,219
2026-09-04,10,인 더 그레이,1242,5695,148,250
2026-09-03,1,오디세이,98405,9329582,1612,4807
2026-09-03,2,옵세션,21759,46653,637,1325
2026-09-03,3,스파이더맨: 브랜드 뉴 데이,19221,8645342,664,1657
2026-09-03,4,비광,12726,30557,667,1479
2026-09-03,5,경주기행,9674,248177,582,1032
2026-09-03,6,싱 어게인,9660,21549,612,1022
2026-09-03,7,명탐정 코난: 하이웨이의 타천사,1745,412676,183,203
2026-09-03,8,오크 스트리트의 마지막 날,1683,122990,259,300
2026-09-03,9,모모와 다락방의 수상한 요괴들,1648,304593,96,129
2026-09-03,10,인 더 그레이,1338,4453,152,271
2026-09-02,1,오디세이,106989,9231177,1609,4821
2026-09-02,2,스파이더맨: 브랜드 뉴 데이,26223,8626121,659,1676
2026-09-02,3,옵세션,23956,24894,618,1307
2026-09-02,4,비광,16036,17831,667,1544
2026-09-02,5,경주기행,12730,238503,572,1041
2026-09-02,6,싱 어게인,10500,11889,607,1014
2026-09-02,7,인 더 그레이,2959,3115,156,295
2026-09-02,8,명탐정 코난: 하이웨이의 타천사,2394,410931,190,213
2026-09-02,9,핵소 고지,2292,181576,89,139
2026-09-02,10,모모와 다락방의 수상한 요괴들,2207,302945,95,131
2026-09-01,1,오디세이,113407,9124188,1760,5286
2026-09-01,2,스파이더맨: 브랜드 뉴 데이,22865,8599898,827,2040
2026-09-01,3,경주기행,15292,225773,655,1754
2026-09-01,4,오크 스트리트의 마지막 날,5212,119408,599,1032
2026-09-01,5,인시디어스: 그들이 넘어왔다,2922,154456,271,326
2026-09-01,6,명탐정 코난: 하이웨이의 타천사,2370,408537,328,379
2026-09-01,7,도그 스타: 마지막 희망,1491,14732,228,310
2026-09-01,8,오케이 마담2,1106,337976,164,185
2026-09-01,9,사랑의 하츄핑: 고래보석의 전설,1098,840867,114,122
2026-09-01,10,호프,969,4537179,117,150
2026-08-31,1,오디세이,145914,9010781,1736,5290
2026-08-31,2,스파이더맨: 브랜드 뉴 데이,28651,8577033,816,2071
2026-08-31,3,경주기행,18101,210481,649,1759
2026-08-31,4,오크 스트리트의 마지막 날,6760,114196,628,1114
2026-08-31,5,인시디어스: 그들이 넘어왔다,3205,151534,272,321
2026-08-31,6,명탐정 코난: 하이웨이의 타천사,3078,406167,323,387
2026-08-31,7,오케이 마담2,1963,336870,184,209
2026-08-31,8,도그 스타: 마지막 희망,1523,13241,233,312
2026-08-31,9,호프,1130,4536210,112,150
2026-08-31,10,사랑의 하츄핑: 고래보석의 전설,1066,839769,112,121
2026-08-30,1,오디세이,393890,8864867,2046,6427
2026-08-30,2,스파이더맨: 브랜드 뉴 데이,94282,8548382,886,2228
2026-08-30,3,경주기행,44484,192380,801,1669
2026-08-30,4,오크 스트리트의 마지막 날,20860,107436,686,1095
2026-08-30,5,사랑의 하츄핑: 고래보석의 전설,19984,838703,467,569
2026-08-30,6,명탐정 코난: 하이웨이의 타천사,7618,403089,312,370
2026-08-30,7,인시디어스: 그들이 넘어왔다,7157,148329,288,345
2026-08-30,8,오케이 마담2,5038,334907,182,198
2026-08-30,9,퍼피 구조대: 더 다이노 무비,4043,106540,152,166
2026-08-30,10,고스트밴드,3623,13803,143,221
2026-08-29,1,오디세이,453544,8470977,2071,6770
2026-08-29,2,스파이더맨: 브랜드 뉴 데이,109710,8454100,910,2306
2026-08-29,3,경주기행,52104,147896,766,1712
2026-08-29,4,오크 스트리트의 마지막 날,26773,86576,702,1168
2026-08-29,5,사랑의 하츄핑: 고래보석의 전설,18067,818719,475,580
2026-08-29,6,인시디어스: 그들이 넘어왔다,8759,141172,301,360
2026-08-29,7,명탐정 코난: 하이웨이의 타천사,8619,395471,330,388
2026-08-29,8,퍼피 구조대: 더 다이노 무비,4045,102497,158,177
2026-08-29,9,극장판 귀멸의 칼날: 무한성편,3522,5822719,50,54
2026-08-29,10,고스트밴드,3377,10180,141,215
2026-08-28,1,오디세이,211173,8017433,1850,5807
2026-08-28,2,스파이더맨: 브랜드 뉴 데이,46450,8344390,845,2148
2026-08-28,3,경주기행,28375,95792,744,2032
2026-08-28,4,오크 스트리트의 마지막 날,15837,59803,728,1461
2026-08-28,5,인시디어스: 그들이 넘어왔다,6209,132413,305,367
2026-08-28,6,명탐정 코난: 하이웨이의 타천사,4448,386852,337,425
2026-08-28,7,오케이 마담2,2903,326841,214,238
2026-08-28,8,도그 스타: 마지막 희망,2327,7067,258,388
2026-08-28,9,호프,1971,4530399,121,151
2026-08-28,10,드라큘라: 러브 테일,1716,8527,118,149
2026-08-27,1,오디세이,150084,7806260,1735,5214
2026-08-27,2,스파이더맨: 브랜드 뉴 데이,34751,8297940,815,2006
2026-08-27,3,경주기행,25131,67417,721,2019
2026-08-27,4,오크 스트리트의 마지막 날,15087,43966,736,1519
2026-08-27,5,명탐정 코난: 하이웨이의 타천사,4628,382404,342,419
2026-08-27,6,인시디어스: 그들이 넘어왔다,4551,126204,301,360
2026-08-27,7,오케이 마담2,4201,323938,216,245
2026-08-27,8,드라큘라: 러브 테일,3242,6811,123,177
2026-08-27,9,도그 스타: 마지막 희망,1933,4740,273,392
2026-08-27,10,호프,1826,4528428,127,156
2026-08-26,1,오디세이,195896,7656176,1813,5258
2026-08-26,2,스파이더맨: 브랜드 뉴 데이,47642,8263189,850,2029
2026-08-26,3,경주기행,36800,42286,744,2017
2026-08-26,4,오크 스트리트의 마지막 날,27029,28879,771,1591
2026-08-26,5,명탐정 코난: 하이웨이의 타천사,8667,377776,364,452
2026-08-26,6,인시디어스: 그들이 넘어왔다,6031,121653,351,399
2026-08-26,7,오케이 마담2,3457,319737,231,259
2026-08-26,8,드라큘라: 러브 테일,3042,3569,130,177
2026-08-26,9,도그 스타: 마지막 희망,2518,2807,280,397
2026-08-26,10,극장판 귀멸의 칼날: 무한성편,2336,5816952,61,75
2026-08-25,1,오디세이,164391,7460280,1917,5898
2026-08-25,2,스파이더맨: 브랜드 뉴 데이,41656,8215547,995,2717
2026-08-25,3,인시디어스: 그들이 넘어왔다,10898,115622,615,1079
2026-08-25,4,명탐정 코난: 하이웨이의 타천사,6165,369109,541,785
2026-08-25,5,오케이 마담2,5776,316280,484,684
2026-08-25,6,사랑의 하츄핑: 고래보석의 전설,3774,795191,308,349
2026-08-25,7,호프,3090,4524497,210,322
2026-08-25,8,오크 스트리트의 마지막 날,1306,1850,7,7
2026-08-25,9,마루 밑 아리에티,1239,1088832,133,159
2026-08-25,10,워페어,1224,16374,157,240
2026-08-22,1,오디세이,557343,6607108,2182,7240
2026-08-22,2,스파이더맨: 브랜드 뉴 데이,164390,7978343,1070,2988
2026-08-22,3,사랑의 하츄핑: 고래보석의 전설,31522,756037,606,884
2026-08-22,4,인시디어스: 그들이 넘어왔다,28984,71194,619,1069
2026-08-22,5,명탐정 코난: 하이웨이의 타천사,20291,336351,574,783
2026-08-22,6,오케이 마담2,12926,293276,496,653
2026-08-22,7,퍼피 구조대: 더 다이노 무비,9347,85766,275,333
2026-08-22,8,호프,7185,4512317,175,247
2026-08-22,9,마루 밑 아리에티,4939,1082317,140,160
2026-08-22,10,다윗,3176,303829,48,55
2026-08-21,1,오디세이,261648,6049765,1986,6189
2026-08-21,2,스파이더맨: 브랜드 뉴 데이,73118,7813953,1077,3040
2026-08-21,3,인시디어스: 그들이 넘어왔다,19880,42210,678,1409
2026-08-21,4,명탐정 코난: 하이웨이의 타천사,9839,316060,601,905
2026-08-21,5,오케이 마담2,8427,280350,588,873
2026-08-21,6,사랑의 하츄핑: 고래보석의 전설,5769,724515,378,440
2026-08-21,7,호프,5115,4505132,207,328
2026-08-21,8,워페어,1827,8357,184,285
2026-08-21,9,어떻게 해야 했을까?,1660,79674,52,75
2026-08-21,10,마루 밑 아리에티,1551,1077378,126,169
2026-08-20,1,오디세이,188665,5788117,1831,5438
2026-08-20,2,스파이더맨: 브랜드 뉴 데이,55282,7740835,1056,2906
2026-08-20,3,인시디어스: 그들이 넘어왔다,21976,22330,690,1563
2026-08-20,4,명탐정 코난: 하이웨이의 타천사,9850,306221,598,930
2026-08-20,5,오케이 마담2,9623,271923,585,972
2026-08-20,6,사랑의 하츄핑: 고래보석의 전설,5211,718746,366,418
2026-08-20,7,호프,3819,4500017,208,334
2026-08-20,8,워페어,2225,6530,181,302
2026-08-20,9,마루 밑 아리에티,1873,1075827,155,233
2026-08-20,10,"청년 조용기: 신을 저주하던 청년, 시대를 긋는 종이 되다",1727,8190,8,17
2026-08-19,1,오디세이,207839,5599452,1875,5621
2026-08-19,2,스파이더맨: 브랜드 뉴 데이,66386,7685553,1126,3185
2026-08-19,3,명탐정 코난: 하이웨이의 타천사,17422,296371,695,1237
2026-08-19,4,오케이 마담2,11460,262300,651,1168
2026-08-19,5,사랑의 하츄핑: 고래보석의 전설,6984,713535,411,492
2026-08-19,6,마루 밑 아리에티,5132,1073954,186,303
2026-08-19,7,호프,4088,4496198,248,390
2026-08-19,8,워페어,3815,4305,199,381
2026-08-19,9,에이티즈 : 라이트 더 웨이 인 시네마,1999,1999,27,54
2026-08-19,10,퍼피 구조대: 더 다이노 무비,1824,74018,160,170
2026-08-18,1,오디세이,228275,5391613,1787,5446
2026-08-18,2,스파이더맨: 브랜드 뉴 데이,78107,7619167,1181,3487
2026-08-18,3,명탐정 코난: 하이웨이의 타천사,14573,278949,663,1246
2026-08-18,4,오케이 마담2,11460,250840,691,1484
2026-08-18,5,사랑의 하츄핑: 고래보석의 전설,8489,706551,490,652
2026-08-18,6,호프,5313,4492110,329,491
2026-08-18,7,퍼피 구조대: 더 다이노 무비,2352,72194,219,236
2026-08-18,8,어떻게 해야 했을까?,2149,75063,51,89
2026-08-18,9,"청년 조용기: 신을 저주하던 청년, 시대를 긋는 종이 되다",1032,5743,5,9
2026-08-18,10,미니언즈 & 몬스터즈,645,773600,15,15
2026-08-17,1,오디세이,620942,5163338,2109,6473
2026-08-17,2,스파이더맨: 브랜드 뉴 데이,261749,7541060,1268,3802
2026-08-17,3,사랑의 하츄핑: 고래보석의 전설,64547,698062,700,1175
2026-08-17,4,명탐정 코난: 하이웨이의 타천사,38351,264376,709,1224
2026-08-17,5,오케이 마담2,35416,239380,673,1287
2026-08-17,6,퍼피 구조대: 더 다이노 무비,22217,69842,353,409
2026-08-17,7,호프,11255,4486797,280,416
2026-08-17,8,어떻게 해야 했을까?,3602,72914,49,87
2026-08-17,9,다윗,1248,299941,22,24
2026-08-17,10,보헤미안 랩소디,957,9955715,72,89
2026-08-16,1,오디세이,720582,4542396,2114,6633
2026-08-16,2,스파이더맨: 브랜드 뉴 데이,314136,7279311,1311,4060
2026-08-16,3,사랑의 하츄핑: 고래보석의 전설,58345,633515,744,1262
2026-08-16,4,오케이 마담2,46765,203964,741,1556
2026-08-16,5,명탐정 코난: 하이웨이의 타천사,42018,226025,714,1288
2026-08-16,6,퍼피 구조대: 더 다이노 무비,18180,47625,340,386
2026-08-16,7,호프,15400,4475542,289,434
2026-08-16,8,어떻게 해야 했을까?,3502,69312,55,90
2026-08-16,9,다윗,3321,298693,44,51
2026-08-16,10,보헤미안 랩소디,996,9954758,65,88
2026-08-15,1,오디세이,642075,3821814,2042,6454
2026-08-15,2,스파이더맨: 브랜드 뉴 데이,298734,6965175,1313,4152
2026-08-15,3,사랑의 하츄핑: 고래보석의 전설,61150,575170,727,1232
2026-08-15,4,오케이 마담2,47975,157199,772,1708
2026-08-15,5,명탐정 코난: 하이웨이의 타천사,45697,184007,710,1317
2026-08-15,6,퍼피 구조대: 더 다이노 무비,17952,29445,343,385
2026-08-15,7,호프,14137,4460142,283,431
2026-08-15,8,어떻게 해야 했을까?,3532,65810,51,89
2026-08-15,9,다윗,3049,295372,42,44
2026-08-15,10,애정만세,1650,5946,41,59
2026-08-14,1,오디세이,329032,3179739,1876,5485
2026-08-14,2,스파이더맨: 브랜드 뉴 데이,154940,6666441,1380,4175
2026-08-14,3,명탐정 코난: 하이웨이의 타천사,28803,138310,752,1498
2026-08-14,4,오케이 마담2,26241,109224,844,2160
2026-08-14,5,사랑의 하츄핑: 고래보석의 전설,14427,514020,582,790
2026-08-14,6,호프,9171,4446005,324,480
2026-08-14,7,퍼피 구조대: 더 다이노 무비,3507,11493,274,296
2026-08-14,8,어떻게 해야 했을까?,2465,62278,56,104
2026-08-14,9,보헤미안 랩소디,2111,9952635,60,166
2026-08-14,10,미니언즈 & 몬스터즈,1460,771939,39,39
2026-08-13,1,오디세이,234823,2850707,1726,4879
2026-08-13,2,스파이더맨: 브랜드 뉴 데이,121466,6511501,1369,4118
2026-08-13,3,명탐정 코난: 하이웨이의 타천사,32715,109507,717,1541
2026-08-13,4,오케이 마담2,28054,82983,857,2345
2026-08-13,5,사랑의 하츄핑: 고래보석의 전설,12203,499593,545,754
2026-08-13,6,호프,6750,4436834,317,418
2026-08-13,7,퍼피 구조대: 더 다이노 무비,4240,7986,289,314
2026-08-13,8,경주기행,3112,3112,13,14
2026-08-13,9,어떻게 해야 했을까?,2338,59813,53,94
2026-08-13,10,"청년 조용기: 신을 저주하던 청년, 시대를 긋는 종이 되다",1403,4091,5,13
2026-08-12,1,오디세이,247314,2615884,1727,4730
2026-08-12,2,스파이더맨: 브랜드 뉴 데이,147198,6390035,1443,4208
2026-08-12,3,명탐정 코난: 하이웨이의 타천사,67964,76792,809,1794
2026-08-12,4,오케이 마담2,42923,54929,925,2514
2026-08-12,5,사랑의 하츄핑: 고래보석의 전설,14977,487390,564,793
2026-08-12,6,호프,7631,4430084,307,406
2026-08-12,7,어떻게 해야 했을까?,2734,57475,51,93
2026-08-12,8,미니언즈 & 몬스터즈,1232,769404,48,50
2026-08-12,9,보헤미안 랩소디,1230,9949616,54,171
2026-08-12,10,애정만세,1201,3211,48,52
2026-08-11,1,오디세이,236216,2368570,1697,5075
2026-08-11,2,스파이더맨: 브랜드 뉴 데이,151900,6242837,1618,5552
2026-08-11,3,사랑의 하츄핑: 고래보석의 전설,19207,472413,755,1509
2026-08-11,4,호프,14078,4422453,580,977
2026-08-11,5,어떻게 해야 했을까?,2696,54741,70,127
2026-08-11,6,미니언즈 & 몬스터즈,2689,768172,222,233
2026-08-11,7,토이 스토리 5,1765,2942253,120,126
2026-08-11,8,"청년 조용기: 신을 저주하던 청년, 시대를 긋는 종이 되다",1193,2055,6,10
2026-08-11,9,모아나,1172,1022921,64,67
2026-08-11,10,다윗,964,291271,64,67
2026-08-10,1,오디세이,257608,2132354,1647,4991
2026-08-10,2,스파이더맨: 브랜드 뉴 데이,174608,6090937,1590,5518
2026-08-10,3,사랑의 하츄핑: 고래보석의 전설,19410,453206,726,1509
2026-08-10,4,호프,14523,4408375,562,949
2026-08-10,5,어떻게 해야 했을까?,2317,52045,70,132
2026-08-10,6,미니언즈 & 몬스터즈,2193,765483,208,217
2026-08-10,7,토이 스토리 5,1112,2940488,109,112
2026-08-10,8,다윗,958,290307,65,69
2026-08-10,9,모아나,826,1021749,67,70
2026-08-10,10,마티 슈프림,290,131843,18,18
2026-08-09,1,오디세이,497540,1874746,1798,5118
2026-08-09,2,스파이더맨: 브랜드 뉴 데이,463905,5916329,1763,6052
2026-08-09,3,사랑의 하츄핑: 고래보석의 전설,123562,433796,941,2164
2026-08-09,4,호프,32223,4393852,548,832
2026-08-09,5,다윗,8342,289349,145,154
2026-08-09,6,미니언즈 & 몬스터즈,5014,763290,227,243
2026-08-09,7,명탐정 코난: 하이웨이의 타천사,4473,8828,37,38
2026-08-09,8,어떻게 해야 했을까?,3978,49728,79,137
2026-08-09,9,오케이 마담2,2382,11783,12,14
2026-08-09,10,토이 스토리 5,1907,2939376,99,102
2026-08-08,1,오디세이,525638,1377206,1745,5187
2026-08-08,2,스파이더맨: 브랜드 뉴 데이,514125,5452424,1802,6440
2026-08-08,3,사랑의 하츄핑: 고래보석의 전설,124184,310234,958,2216
2026-08-08,4,호프,37846,4361629,553,868
2026-08-08,5,다윗,5847,281007,125,134
2026-08-08,6,미니언즈 & 몬스터즈,5077,758276,227,240
2026-08-08,7,어떻게 해야 했을까?,4547,45750,76,140
2026-08-08,8,명탐정 코난: 하이웨이의 타천사,4355,4355,36,37
2026-08-08,9,토이 스토리 5,2067,2937469,109,112
2026-08-08,10,오케이 마담2,1527,9401,12,16
2026-08-07,1,오디세이,310279,851568,1633,5012
2026-08-07,2,스파이더맨: 브랜드 뉴 데이,286706,4938299,1751,6084
2026-08-07,3,사랑의 하츄핑: 고래보석의 전설,41708,186050,822,1798
2026-08-07,4,호프,30831,4323783,658,1135
2026-08-07,5,미니언즈 & 몬스터즈,4525,753199,260,281
2026-08-07,6,어떻게 해야 했을까?,3505,41203,81,145
2026-08-07,7,다윗,2671,275160,75,79
2026-08-07,8,토이 스토리 5,2415,2935402,141,149
2026-08-07,9,모아나,1570,1019218,91,97
2026-08-07,10,투모로우바이투게더 브이알 콘서트 : 엔드리스 라이드,454,5528,2,16
2026-08-06,1,오디세이,246217,541289,1660,4912
2026-08-06,2,스파이더맨: 브랜드 뉴 데이,238064,4651593,1694,5675
2026-08-06,3,사랑의 하츄핑: 고래보석의 전설,43768,144342,801,1698
2026-08-06,4,호프,27200,4292952,688,1163
2026-08-06,5,미니언즈 & 몬스터즈,4646,748674,284,313
2026-08-06,6,오케이 마담2,4467,7874,25,25
2026-08-06,7,어떻게 해야 했을까?,3420,37698,78,143
2026-08-06,8,토이 스토리 5,2665,2932987,148,154
2026-08-06,9,다윗,1607,272489,77,81
2026-08-06,10,모아나,1536,1017648,106,113
2026-08-05,1,오디세이,292705,295072,1682,5036
2026-08-05,2,스파이더맨: 브랜드 뉴 데이,275160,4413529,1666,5657
2026-08-05,3,사랑의 하츄핑: 고래보석의 전설,73162,100574,824,1751
2026-08-05,4,호프,30063,4265752,690,1164
2026-08-05,5,미니언즈 & 몬스터즈,5297,744028,302,340
2026-08-05,6,어떻게 해야 했을까?,4132,34278,74,140
2026-08-05,7,토이 스토리 5,2768,2930322,150,162
2026-08-05,8,모아나,2325,1016112,119,127
2026-08-05,9,다윗,1390,270882,70,74
2026-08-05,10,퍼피 구조대: 더 다이노 무비,746,746,3,3
2026-08-04,1,스파이더맨: 브랜드 뉴 데이,348280,4138369,2214,8852
2026-08-04,2,호프,61234,4235689,919,2690
2026-08-04,3,미니언즈 & 몬스터즈,12337,738731,668,1029
2026-08-04,4,토이 스토리 5,7890,2927554,385,488
2026-08-04,5,모아나,6860,1013787,444,603
2026-08-04,6,다윗,3059,269492,178,204
2026-08-04,7,어떻게 해야 했을까?,2991,30146,56,104
2026-08-04,8,눈동자,1369,1540223,168,189
2026-08-04,9,오디세이,1065,2367,3,3
2026-08-04,10,사랑의 하츄핑: 고래보석의 전설,916,27412,3,6
2026-08-03,1,스파이더맨: 브랜드 뉴 데이,401776,3790089,2178,8774
2026-08-03,2,호프,63927,4174455,901,2658
2026-08-03,3,미니언즈 & 몬스터즈,12454,726394,672,1050
2026-08-03,4,토이 스토리 5,7454,2919664,384,487
2026-08-03,5,모아나,6986,1006927,437,580
2026-08-03,6,어떻게 해야 했을까?,3147,27155,59,103
2026-08-03,7,다윗,3085,266433,171,199
2026-08-03,8,눈동자,1489,1538854,164,185
2026-08-03,9,드림 애니멀즈: 더무비,845,42841,112,112
2026-08-03,10,오디세이,678,1302,2,2
2026-08-02,1,스파이더맨: 브랜드 뉴 데이,826332,3388313,2382,9784
2026-08-02,2,호프,117895,4110528,965,2620
2026-08-02,3,미니언즈 & 몬스터즈,23030,713940,716,1089
2026-08-02,4,모아나,12763,999941,452,580
2026-08-02,5,토이 스토리 5,11552,2912210,375,472
2026-08-02,6,사랑의 하츄핑: 고래보석의 전설,10305,26496,75,85
2026-08-02,7,다윗,9917,263348,243,276
2026-08-02,8,어떻게 해야 했을까?,5434,24008,63,107
2026-08-02,9,눈동자,2341,1537365,151,176
2026-08-02,10,드림 애니멀즈: 더무비,1411,41996,126,130
2026-08-01,1,스파이더맨: 브랜드 뉴 데이,901577,2561981,2409,10152
2026-08-01,2,호프,136417,3992633,957,2724
2026-08-01,3,미니언즈 & 몬스터즈,22173,690910,715,1091
2026-08-01,4,모아나,12729,987178,465,626
2026-08-01,5,사랑의 하츄핑: 고래보석의 전설,10683,16191,76,91
2026-08-01,6,토이 스토리 5,9940,2900658,367,455
2026-08-01,7,다윗,8795,253431,253,285
2026-08-01,8,어떻게 해야 했을까?,6224,18574,67,110
2026-08-01,9,눈동자,2646,1535024,160,187
2026-08-01,10,드림 애니멀즈: 더무비,1365,40585,130,134
2026-07-31,1,스파이더맨: 브랜드 뉴 데이,526328,1660404,2275,9373
2026-07-31,2,호프,81496,3856216,1005,2980
2026-07-31,3,미니언즈 & 몬스터즈,20042,668737,726,1110
2026-07-31,4,모아나,11630,974449,480,705
2026-07-31,5,토이 스토리 5,10380,2890718,395,472
2026-07-31,6,다윗,6272,244636,186,207
2026-07-31,7,어떻게 해야 했을까?,4351,12350,61,94
2026-07-31,8,눈동자,2375,1532378,200,246
2026-07-31,9,드림 애니멀즈: 더무비,1943,39220,173,178
2026-07-31,10,투모로우바이투게더 브이알 콘서트 : 엔드리스 라이드,1469,1469,2,14
2026-07-30,1,스파이더맨: 브랜드 뉴 데이,441844,1134076,2222,8848
2026-07-30,2,호프,67623,3774720,1026,2954
2026-07-30,3,미니언즈 & 몬스터즈,20610,648695,690,1067
2026-07-30,4,모아나,11882,962819,486,707
2026-07-30,5,토이 스토리 5,9967,2880338,358,435
2026-07-30,6,어떻게 해야 했을까?,3913,7999,52,80
2026-07-30,7,다윗,3836,238364,150,166
2026-07-30,8,드림 애니멀즈: 더무비,3444,37277,238,250
2026-07-30,9,눈동자,2680,1530003,220,261
2026-07-30,10,산양들,1118,2827,39,51
2026-07-29,1,스파이더맨: 브랜드 뉴 데이,690978,692232,2304,9082
2026-07-29,2,호프,87892,3707097,1023,2901
2026-07-29,3,미니언즈 & 몬스터즈,21655,628085,692,1065
2026-07-29,4,모아나,11100,950937,471,656
2026-07-29,5,토이 스토리 5,9231,2870371,320,385
2026-07-29,6,어떻게 해야 했을까?,3694,4086,61,77
2026-07-29,7,다윗,3669,234528,139,157
2026-07-29,8,드림 애니멀즈: 더무비,2522,33833,224,231
2026-07-29,9,눈동자,2488,1527323,199,232
2026-07-29,10,왕과 사는 남자,1004,16916280,12,12
2026-07-28,1,호프,100147,3619205,2108,7258
2026-07-28,2,미니언즈 & 몬스터즈,22067,606430,806,1886
2026-07-28,3,모아나,15557,939837,724,1441
2026-07-28,4,토이 스토리 5,12498,2861140,536,884
2026-07-28,5,눈동자,6533,1524835,525,881
2026-07-28,6,다윗,5472,230859,315,388
2026-07-28,7,드림 애니멀즈: 더무비,3166,31311,323,414
2026-07-28,8,스파이더맨: 브랜드 뉴 데이,1254,1254,3,5
2026-07-28,9,군체,967,5844508,128,149
2026-07-28,10,사랑의 하츄핑: 고래보석의 전설,961,4951,5,5
2026-07-27,1,호프,103399,3519058,2096,7272
2026-07-27,2,미니언즈 & 몬스터즈,21401,584363,774,1856
2026-07-27,3,모아나,15049,924280,704,1403
2026-07-27,4,토이 스토리 5,11521,2848642,522,854
2026-07-27,5,눈동자,6698,1518302,545,885
2026-07-27,6,다윗,5037,225387,307,379
2026-07-27,7,드림 애니멀즈: 더무비,3741,28145,337,431
2026-07-27,8,오케이 마담2,2952,3241,12,15
2026-07-27,9,군체,812,5843541,126,143
2026-07-27,10,마티 슈프림,704,126010,53,61
2026-07-26,1,호프,285870,3415659,2245,8010
2026-07-26,2,미니언즈 & 몬스터즈,48445,562962,981,2307
2026-07-26,3,모아나,34802,909231,860,1607
2026-07-26,4,토이 스토리 5,22487,2837121,622,987
2026-07-26,5,다윗,20815,220350,441,542
2026-07-26,6,눈동자,13074,1511604,521,823
2026-07-26,7,드림 애니멀즈: 더무비,6242,24404,378,509
2026-07-26,8,마티 슈프림,1877,125306,67,76
2026-07-26,9,군체,1131,5842729,104,119
2026-07-26,10,극장판 도라에몽: 신 진구의 해저비밀성,979,69572,70,80
2026-07-25,1,호프,327563,3129789,2258,8412
2026-07-25,2,미니언즈 & 몬스터즈,49512,514517,1004,2391
2026-07-25,3,모아나,36157,874429,843,1653
2026-07-25,4,토이 스토리 5,22032,2814634,640,1013
2026-07-25,5,다윗,20331,199535,460,581
2026-07-25,6,눈동자,14534,1498530,563,906
2026-07-25,7,드림 애니멀즈: 더무비,5690,18162,378,518
2026-07-25,8,마티 슈프림,1579,123429,58,66
2026-07-25,9,사랑의 하츄핑: 고래보석의 전설,1558,2983,6,6
2026-07-25,10,군체,1447,5841598,112,127
2026-07-24,1,호프,153908,2802226,2256,8064
2026-07-24,2,미니언즈 & 몬스터즈,19957,465005,794,1848
2026-07-24,3,모아나,16041,838272,743,1414
2026-07-24,4,눈동자,9531,1483996,603,1035
2026-07-24,5,토이 스토리 5,9456,2792602,526,791
2026-07-24,6,다윗,5347,179204,318,393
2026-07-24,7,드림 애니멀즈: 더무비,3368,12472,305,389
2026-07-24,8,호컴,1540,6190,123,179
2026-07-24,9,군체,1199,5840151,131,156
2026-07-24,10,와일드 씽,1112,1344042,41,44
2026-07-23,1,호프,114997,2648318,2222,7628
2026-07-23,2,미니언즈 & 몬스터즈,16713,445048,766,1884
2026-07-23,3,모아나,13261,822231,699,1365
2026-07-23,4,눈동자,9417,1474465,611,1071
2026-07-23,5,토이 스토리 5,8043,2783146,520,800
2026-07-23,6,다윗,4502,173857,310,393
2026-07-23,7,호컴,1508,4650,122,186
2026-07-23,8,군체,1281,5838952,153,178
2026-07-23,9,마티 슈프림,910,120904,53,68
2026-07-23,10,오디세이,624,624,1,1
2026-07-22,1,호프,131737,2533321,2230,7678
2026-07-22,2,미니언즈 & 몬스터즈,18075,428335,759,1891
2026-07-22,3,모아나,13159,808970,709,1378
2026-07-22,4,눈동자,11292,1465048,610,1092
2026-07-22,5,토이 스토리 5,9028,2775103,517,792
2026-07-22,6,다윗,3002,169355,305,376
2026-07-22,7,호컴,2032,3142,124,192
2026-07-22,8,지느러미,1543,2542,54,70
2026-07-22,9,군체,1414,5837671,145,174
2026-07-22,10,마티 슈프림,1216,119994,58,71
2026-07-21,1,호프,128899,2401584,2224,7696
2026-07-21,2,미니언즈 & 몬스터즈,18765,410260,822,2003
2026-07-21,3,모아나,12634,795811,667,1266
2026-07-21,4,눈동자,12341,1453756,621,1030
2026-07-21,5,토이 스토리 5,8400,2766075,503,741
2026-07-21,6,다윗,3362,166353,306,369
2026-07-21,7,군체,1252,5836257,134,160
2026-07-21,8,사랑의 하츄핑: 고래보석의 전설,874,874,4,4
2026-07-21,9,마티 슈프림,815,118778,51,61
2026-07-21,10,와일드 씽,713,1341798,39,42
2026-07-20,1,호프,143061,2272685,2209,7657
2026-07-20,2,미니언즈 & 몬스터즈,16807,391495,765,1938
2026-07-20,3,모아나,11094,783177,649,1216
2026-07-20,4,눈동자,10217,1441415,597,1007
2026-07-20,5,토이 스토리 5,7510,2757675,486,706
2026-07-20,6,다윗,3242,162991,298,367
2026-07-20,7,군체,1125,5835005,137,162
2026-07-20,8,마티 슈프림,881,117963,57,67
2026-07-20,9,드림 애니멀즈: 더무비,654,8355,5,5
2026-07-20,10,파리의 사생활,352,3736,26,27
2026-07-19,1,호프,397003,2129624,2334,8399
2026-07-19,2,미니언즈 & 몬스터즈,85957,374688,1039,2902
2026-07-19,3,모아나,49965,772083,846,1503
2026-07-19,4,토이 스토리 5,34777,2750165,596,926
2026-07-19,5,다윗,21569,159749,418,521
2026-07-19,6,눈동자,19890,1431198,577,858
2026-07-19,7,군체,1846,5833880,113,124
2026-07-19,8,마티 슈프림,1730,117082,69,76
2026-07-19,9,극장판 도라에몽: 신 진구의 해저비밀성,1679,65734,83,100
2026-07-19,10,블리치 천년혈전 편 : 화진담,977,13980,9,10
2026-07-18,1,호프,512171,1732621,2376,8919
2026-07-18,2,미니언즈 & 몬스터즈,96184,288731,1034,3003
2026-07-18,3,모아나,56032,722118,823,1533
2026-07-18,4,토이 스토리 5,37157,2715388,605,923
2026-07-18,5,눈동자,24827,1411308,598,901
2026-07-18,6,다윗,20275,138180,399,500
2026-07-18,7,군체,2950,5832034,121,142
2026-07-18,8,극장판 도라에몽: 신 진구의 해저비밀성,2457,64055,88,108
2026-07-18,9,마티 슈프림,2086,115352,67,73
2026-07-18,10,블리치 천년혈전 편 : 화진담,1212,13003,11,12
2026-07-17,1,호프,594766,1220450,2386,8997
2026-07-17,2,미니언즈 & 몬스터즈,126338,192547,1043,3098
2026-07-17,3,모아나,67550,666086,774,1462
2026-07-17,4,토이 스토리 5,42786,2678231,566,847
2026-07-17,5,눈동자,30840,1386481,614,946
2026-07-17,6,다윗,22707,117905,362,441
2026-07-17,7,군체,6738,5829084,131,159
2026-07-17,8,극장판 도라에몽: 신 진구의 해저비밀성,2286,61598,78,85
2026-07-17,9,마티 슈프림,2034,113266,75,78
2026-07-17,10,블리치 천년혈전 편 : 화진담,1302,11791,10,12
2026-07-16,1,호프,274440,625684,2424,8592
2026-07-16,2,미니언즈 & 몬스터즈,30647,66209,893,2425
2026-07-16,3,모아나,19016,598536,709,1244
2026-07-16,4,눈동자,16755,1355641,626,989
2026-07-16,5,토이 스토리 5,11751,2635445,498,691
2026-07-16,6,다윗,4642,95198,321,372
2026-07-16,7,군체,2069,5822346,142,164
2026-07-16,8,마티 슈프림,1678,111232,60,67
2026-07-16,9,왕과 사는 남자,662,16912665,14,14
2026-07-16,10,파리의 사생활,590,1391,30,32
2026-07-15,1,호프,333886,351244,2403,8343
2026-07-15,2,미니언즈 & 몬스터즈,31725,35562,851,2448
2026-07-15,3,모아나,13018,579520,657,1142
2026-07-15,4,눈동자,11859,1338886,579,913
2026-07-15,5,토이 스토리 5,8518,2623694,440,584
2026-07-15,6,다윗,3976,90556,312,368
2026-07-15,7,마티 슈프림,1385,109554,66,70
2026-07-15,8,와일드 씽,1205,1338807,46,48
2026-07-15,9,군체,1122,5820277,126,144
2026-07-15,10,나무의 노래,1033,4185,6,6
2026-07-14,1,모아나,25966,566502,1155,3922
2026-07-14,2,눈동자,22901,1327027,890,3096
2026-07-14,3,토이 스토리 5,17149,2615176,700,2072
2026-07-14,4,군체,5977,5819155,502,791
2026-07-14,5,다윗,5797,86580,483,900
2026-07-14,6,마티 슈프림,3118,108169,195,227
2026-07-14,7,와일드 씽,2427,1337602,288,369
2026-07-14,8,호프,2313,17358,7,7
2026-07-14,9,백룸,1158,1211546,101,129
2026-07-14,10,하나 코리아,993,12896,131,167
2026-07-13,1,모아나,29084,540536,1127,4097
2026-07-13,2,눈동자,26897,1304126,898,3214
2026-07-13,3,토이 스토리 5,17731,2598027,697,2082
2026-07-13,4,군체,6106,5813178,493,788
2026-07-13,5,다윗,5314,80783,455,922
2026-07-13,6,호프,4365,15045,17,17
2026-07-13,7,마티 슈프림,2961,105051,185,211
2026-07-13,8,와일드 씽,1947,1335175,272,337
2026-07-13,9,그린랜드 2: 마이그레이션,1346,53889,130,160
2026-07-13,10,백룸,1325,1210388,105,139
2026-07-12,1,모아나,164927,511452,1435,5749
2026-07-12,2,토이 스토리 5,98662,2580296,1012,3094
2026-07-12,3,눈동자,95568,1277229,1035,3626
2026-07-12,4,다윗,26703,75469,669,1249
2026-07-12,5,군체,13527,5807072,501,736
2026-07-12,6,호프,5050,10680,27,27
2026-07-12,7,마티 슈프림,4890,102090,187,209
2026-07-12,8,극장판 도라에몽: 신 진구의 해저비밀성,4880,57150,188,323
2026-07-12,9,와일드 씽,3721,1333228,269,329
2026-07-12,10,백룸,2901,1209063,111,148
2026-07-11,1,모아나,180174,346525,1449,6004
2026-07-11,2,눈동자,111498,1181661,1026,3833
2026-07-11,3,토이 스토리 5,103545,2481634,994,3128
2026-07-11,4,다윗,23132,48766,649,1343
2026-07-11,5,군체,15644,5793545,517,777
2026-07-11,6,마티 슈프림,5870,97200,195,214
2026-07-11,7,극장판 도라에몽: 신 진구의 해저비밀성,5580,52270,199,347
2026-07-11,8,호프,5096,5630,27,27
2026-07-11,9,와일드 씽,4813,1329507,301,379
2026-07-11,10,백룸,3479,1206162,119,154
2026-07-10,1,모아나,58817,166351,1329,5091
2026-07-10,2,눈동자,50730,1070163,956,3476
2026-07-10,3,토이 스토리 5,36305,2378089,745,2290
2026-07-10,4,다윗,7840,25634,547,1191
2026-07-10,5,군체,7837,5777901,501,789
2026-07-10,6,와일드 씽,3787,1324694,318,434
2026-07-10,7,마티 슈프림,3526,91330,202,231
2026-07-10,8,그린랜드 2: 마이그레이션,2819,48531,136,162
2026-07-10,9,하나 코리아,2139,8404,140,192
2026-07-10,10,백룸,1807,1202683,126,154
2026-07-09,1,모아나,39885,107534,1349,4937
2026-07-09,2,눈동자,38125,1019433,960,3499
2026-07-09,3,토이 스토리 5,24625,2341784,756,2288
2026-07-09,4,군체,7381,5770064,530,895
2026-07-09,5,와일드 씽,3641,1320907,345,495
2026-07-09,6,그린랜드 2: 마이그레이션,3012,45712,154,200
2026-07-09,7,마티 슈프림,2737,87804,204,235
2026-07-09,8,하나 코리아,2136,6265,146,204
2026-07-09,9,키퍼,1491,3439,99,175
2026-07-09,10,백룸,1319,1200876,107,142
2026-07-08,1,모아나,67025,67649,1374,5260
2026-07-08,2,눈동자,50512,981308,982,3538
2026-07-08,3,토이 스토리 5,34341,2317159,756,2284
2026-07-08,4,군체,8621,5762683,524,889
2026-07-08,5,와일드 씽,4218,1317266,332,480
2026-07-08,6,마티 슈프림,3757,85067,200,239
2026-07-08,7,하나 코리아,2500,4129,170,228
2026-07-08,8,백룸,1963,1199557,108,145
2026-07-08,9,키퍼,1948,1948,119,194
2026-07-08,10,시크릿 에이전트,1742,2779,83,93
2026-07-07,1,눈동자,44464,930796,1002,3536
2026-07-07,2,토이 스토리 5,33386,2282818,1026,3360
2026-07-07,3,군체,9370,5754062,608,1379
2026-07-07,4,마티 슈프림,5542,81310,562,1025
2026-07-07,5,와일드 씽,4631,1313048,501,821
2026-07-07,6,그린랜드 2: 마이그레이션,3039,41199,337,540
2026-07-07,7,백룸,2736,1197594,229,314
2026-07-07,8,짝사랑 세계,1671,23203,109,153
2026-07-07,9,극장판 도라에몽: 신 진구의 해저비밀성,1482,43143,126,366
2026-07-07,10,극장판 암살교실 모두의 시간,1344,19877,124,171
2026-07-06,1,눈동자,43648,886332,994,3534
2026-07-06,2,토이 스토리 5,30951,2249432,987,3305
2026-07-06,3,군체,9642,5744692,624,1416
2026-07-06,4,마티 슈프림,5506,75768,553,1020
2026-07-06,5,와일드 씽,4806,1308417,491,831
2026-07-06,6,백룸,2775,1194858,229,314
2026-07-06,7,그린랜드 2: 마이그레이션,2587,38160,327,525
2026-07-06,8,극장판 도라에몽: 신 진구의 해저비밀성,1604,41661,132,387
2026-07-06,9,극장판 암살교실 모두의 시간,1313,18533,125,175
2026-07-06,10,앤팀 브이알 콘서트 : 바운드리스,1041,8609,1,8
2026-07-05,1,토이 스토리 5,172402,2218481,1463,5799
2026-07-05,2,눈동자,127134,842684,1157,4082
2026-07-05,3,군체,24538,5735050,680,1241
2026-07-05,4,마티 슈프림,12848,70262,627,1065
2026-07-05,5,와일드 씽,12250,1303611,554,865
2026-07-05,6,극장판 도라에몽: 신 진구의 해저비밀성,11358,40057,194,592
2026-07-05,7,그린랜드 2: 마이그레이션,7092,35573,349,550
2026-07-05,8,백룸,6387,1192083,235,325
2026-07-05,9,다윗,4968,16159,87,87
2026-07-05,10,극장판 암살교실 모두의 시간,3453,17220,132,180
2026-07-04,1,토이 스토리 5,183905,2046079,1496,6058
2026-07-04,2,눈동자,141257,715550,1177,4257
2026-07-04,3,군체,27477,5710512,711,1306
2026-07-04,4,마티 슈프림,15083,57414,656,1143
2026-07-04,5,와일드 씽,14047,1291361,557,917
2026-07-04,6,극장판 도라에몽: 신 진구의 해저비밀성,12650,28699,194,616
2026-07-04,7,그린랜드 2: 마이그레이션,7954,28481,353,562
2026-07-04,8,백룸,7607,1185696,240,347
2026-07-04,9,극장판 암살교실 모두의 시간,3746,13767,133,185
2026-07-04,10,슈퍼걸,3280,135798,365,484
2026-07-03,1,눈동자,91438,574293,1032,3483
2026-07-03,2,토이 스토리 5,72727,1862174,1160,4089
2026-07-03,3,군체,19053,5683035,682,1452
2026-07-03,4,마티 슈프림,10570,42331,656,1391
2026-07-03,5,와일드 씽,8944,1277314,606,1006
2026-07-03,6,백룸,6085,1178089,262,363
2026-07-03,7,그린랜드 2: 마이그레이션,5656,20527,370,660
2026-07-03,8,극장판 도라에몽: 신 진구의 해저비밀성,5371,16049,148,543
2026-07-03,9,슈퍼걸,2555,132518,412,516
2026-07-03,10,극장판 암살교실 모두의 시간,2496,10021,137,201
2026-07-02,1,눈동자,50720,482855,894,2870
2026-07-02,2,토이 스토리 5,45353,1789447,1043,3434
2026-07-02,3,군체,13009,5663982,667,1465
2026-07-02,4,마티 슈프림,10360,31761,686,1464
2026-07-02,5,와일드 씽,6987,1268370,576,965
2026-07-02,6,그린랜드 2: 마이그레이션,6288,14871,374,709
2026-07-02,7,백룸,3843,1172004,237,312
2026-07-02,8,극장판 도라에몽: 신 진구의 해저비밀성,3157,10678,143,495
2026-07-02,9,극장판 암살교실 모두의 시간,2680,7525,145,210
2026-07-02,10,슈퍼걸,2567,129963,471,619
2026-07-01,1,눈동자,49098,432135,872,2804
2026-07-01,2,토이 스토리 5,44064,1744094,1030,3444
2026-07-01,3,마티 슈프림,19984,21401,738,1625
2026-07-01,4,군체,13988,5650973,666,1485
2026-07-01,5,그린랜드 2: 마이그레이션,8165,8583,378,733
2026-07-01,6,와일드 씽,7779,1261383,589,991
2026-07-01,7,극장판 도라에몽: 신 진구의 해저비밀성,6619,7521,141,538
2026-07-01,8,극장판 암살교실 모두의 시간,4845,4845,143,214
2026-07-01,9,백룸,3866,1168161,229,310
2026-07-01,10,슈퍼걸,3193,127396,507,706
2026-06-30,1,토이 스토리 5,42008,1700030,1156,4210
2026-06-30,2,눈동자,39317,383037,832,2790
2026-06-30,3,군체,15821,5636985,687,1781
2026-06-30,4,와일드 씽,10151,1253604,641,1469
2026-06-30,5,슈퍼걸,6075,124203,678,1578
2026-06-30,6,백룸,5129,1164295,343,568
2026-06-30,7,짝사랑 세계,1422,14192,128,231
2026-06-30,8,너만 보이는 날,1363,15968,135,162
2026-06-30,9,비긴 어게인,1116,3742629,77,111
2026-06-30,10,정동원 팬콘서트 필름 : 다시 만나는 길,994,10316,40,54
2026-06-29,1,토이 스토리 5,40699,1658022,1127,4197
2026-06-29,2,눈동자,38498,343720,809,2716
2026-06-29,3,군체,14403,5621164,672,1759
2026-06-29,4,와일드 씽,9414,1243453,610,1418
2026-06-29,5,슈퍼걸,6281,118128,670,1615
2026-06-29,6,백룸,5213,1159166,343,563
2026-06-29,7,왕과 사는 남자,1203,16905949,32,32
2026-06-29,8,짝사랑 세계,1164,12770,132,238
2026-06-29,9,비긴 어게인,1037,3741513,77,110
2026-06-29,10,정동원 팬콘서트 필름 : 다시 만나는 길,1027,9322,39,56
2026-06-28,1,토이 스토리 5,201956,1617323,1705,6806
2026-06-28,2,눈동자,88921,305222,955,2774
2026-06-28,3,군체,33363,5606761,799,1837
2026-06-28,4,와일드 씽,23281,1234039,704,1483
2026-06-28,5,슈퍼걸,19591,111847,773,1864
2026-06-28,6,백룸,10180,1153953,370,566
2026-06-28,7,해피엔드,2546,143878,71,82
2026-06-28,8,신사: 악귀의 속삭임,2438,45711,102,129
2026-06-28,9,정동원 팬콘서트 필름 : 다시 만나는 길,2303,8295,42,60
2026-06-28,10,짝사랑 세계,2225,11606,131,201
2026-06-27,1,토이 스토리 5,226045,1415367,1734,7142
2026-06-27,2,눈동자,95028,216301,921,2830
2026-06-27,3,군체,41073,5573398,818,1948
2026-06-27,4,와일드 씽,28434,1210758,717,1567
2026-06-27,5,슈퍼걸,26356,92256,806,2087
2026-06-27,6,백룸,12449,1143773,361,574
2026-06-27,7,해피엔드,2666,141332,76,84
2026-06-27,8,정동원 팬콘서트 필름 : 다시 만나는 길,2639,5992,42,74
2026-06-27,9,신사: 악귀의 속삭임,2570,43273,111,138
2026-06-27,10,짝사랑 세계,2360,9381,133,218
2026-06-25,1,토이 스토리 5,47610,1114388,1193,4022
2026-06-25,2,눈동자,33866,72277,764,2518
2026-06-25,3,군체,17300,5510690,677,1715
2026-06-25,4,슈퍼걸,14329,50083,830,2476
2026-06-25,5,와일드 씽,12409,1166374,607,1400
2026-06-25,6,백룸,6360,1123430,340,499
2026-06-25,7,에픽: 엘비스 프레슬리 콘서트,4918,9991,25,25
2026-06-25,8,너만 보이는 날,1927,8631,144,183
2026-06-25,9,너바나 더 밴드 : 전설적 밴드 ‘너바나’와는 별 관련 없는 ‘너바나 더 밴드’의 콤비 맷과 제이. 어느 날 공연을 위해 타임머신을 만드는 황당한 작전을 세우고 처음 만났던 17년 전으로 돌,1552,81338,39,42
2026-06-25,10,짝사랑 세계,1495,5489,135,226
2026-06-24,1,토이 스토리 5,75206,1066778,1254,4315
2026-06-24,2,슈퍼걸,34938,35754,883,2916
2026-06-24,2,눈동자,34938,38411,789,2559
2026-06-24,4,군체,24627,5493390,706,1809
2026-06-24,5,와일드 씽,19418,1153965,651,1496
2026-06-24,6,백룸,8608,1117070,339,503
2026-06-24,7,짝사랑 세계,3562,3994,150,275
2026-06-24,8,너만 보이는 날,3337,6704,158,201
2026-06-24,9,해피엔드,1514,136582,82,92
2026-06-24,10,디스클로저 데이,1506,250842,105,113
2026-06-23,1,토이 스토리 5,59813,991572,1441,5569
2026-06-23,2,군체,23250,5468763,885,2654
2026-06-23,3,와일드 씽,17890,1134547,760,2225
2026-06-23,4,백룸,10439,1108462,503,937
2026-06-23,5,디스클로저 데이,3424,249336,435,582
2026-06-23,6,신사: 악귀의 속삭임,2232,37982,201,323
2026-06-23,7,마이클,2093,1615847,217,281
2026-06-23,8,비긴 어게인,2052,3733473,117,208
2026-06-23,9,상자 속의 양,1931,67801,213,251
2026-06-23,10,비포 선라이즈,1295,101165,98,128
2026-06-22,1,토이 스토리 5,59378,931759,1399,5599
2026-06-22,2,군체,25259,5445513,867,2671
2026-06-22,3,와일드 씽,16114,1116657,714,2131
2026-06-22,4,백룸,11277,1098023,514,949
2026-06-22,5,디스클로저 데이,2658,245912,424,571
2026-06-22,6,신사: 악귀의 속삭임,2332,35750,196,320
2026-06-22,7,상자 속의 양,2158,65870,203,237
2026-06-22,8,비긴 어게인,2025,3731421,114,202
2026-06-22,9,마이클,1875,1613754,201,264
2026-06-22,10,비포 선라이즈,1135,99870,100,130
2026-06-21,1,토이 스토리 5,287035,872381,1837,8198
2026-06-21,2,군체,63119,5420254,952,2837
2026-06-21,3,와일드 씽,45799,1100543,800,2360
2026-06-21,4,백룸,22444,1086746,554,988
2026-06-21,5,신사: 악귀의 속삭임,6973,33418,217,347
2026-06-21,6,디스클로저 데이,5946,243254,436,577
2026-06-21,7,마이클,4335,1611879,195,232
2026-06-21,8,비긴 어게인,3242,3729396,117,174
2026-06-21,9,상자 속의 양,2580,63712,198,223
2026-06-21,10,디어 마이 히어로,2475,15722,153,185
2026-06-20,1,토이 스토리 5,335726,585346,1847,8510
2026-06-20,2,군체,87583,5357135,1004,3015
2026-06-20,3,와일드 씽,62542,1054744,829,2525
2026-06-20,4,백룸,28414,1064302,560,1054
2026-06-20,5,신사: 악귀의 속삭임,9601,26445,224,373
2026-06-20,6,디스클로저 데이,7669,237308,437,586
2026-06-20,7,마이클,5030,1607544,204,240
2026-06-20,8,비긴 어게인,4766,3726154,123,185
2026-06-20,9,상자 속의 양,3301,61132,195,224
2026-06-20,10,만달로리안과 그로구,2405,221481,84,98
2026-06-19,1,토이 스토리 5,90267,249620,1564,6209
2026-06-19,2,군체,37964,5269552,970,2896
2026-06-19,3,와일드 씽,25202,992202,820,2391
2026-06-19,4,백룸,15036,1035888,531,1005
2026-06-19,5,디스클로저 데이,4478,229639,473,662
2026-06-19,6,신사: 악귀의 속삭임,3734,16844,208,366
2026-06-19,7,상자 속의 양,3420,57831,224,264
2026-06-19,8,비긴 어게인,2655,3721388,119,198
2026-06-19,9,마이클,2142,1602514,200,249
2026-06-19,10,비포 선라이즈,1209,94778,91,126
2026-06-18,1,토이 스토리 5,63122,159353,1495,5801
2026-06-18,2,군체,29223,5231588,914,2752
2026-06-18,3,와일드 씽,23360,967000,786,2286
2026-06-18,4,백룸,10760,1020852,495,876
2026-06-18,5,에픽: 엘비스 프레슬리 콘서트,4947,5073,26,26
2026-06-18,6,디스클로저 데이,4549,225161,543,781
2026-06-18,7,신사: 악귀의 속삭임,4213,13110,209,366
2026-06-18,8,상자 속의 양,3636,54411,232,278
2026-06-18,9,마이클,2693,1600372,213,255
2026-06-18,10,비긴 어게인,2180,3718733,115,188
2026-06-17,1,토이 스토리 5,94694,96231,1538,6104
2026-06-17,2,군체,30906,5202365,936,2808
2026-06-17,3,와일드 씽,25267,943640,786,2312
2026-06-17,4,백룸,9898,1010092,513,908
2026-06-17,5,신사: 악귀의 속삭임,7145,8897,207,403
2026-06-17,6,디스클로저 데이,5600,220612,569,849
2026-06-17,7,상자 속의 양,3661,50775,224,276
2026-06-17,8,비긴 어게인,3115,3716553,119,192
2026-06-17,9,마이클,1880,1597679,207,246
2026-06-17,10,싱 스트리트,1603,593628,78,96
2026-06-16,1,군체,32022,5171459,1146,3973
2026-06-16,2,와일드 씽,24984,918373,935,2990
2026-06-16,3,백룸,12240,1000194,649,1510
2026-06-16,4,디스클로저 데이,9976,215012,783,1998
2026-06-16,5,마이클,3563,1595799,358,505
2026-06-16,6,상자 속의 양,3068,47114,389,561
2026-06-16,7,만달로리안과 그로구,2071,216565,133,197
2026-06-16,8,디어 마이 히어로,1461,8719,113,279
2026-06-16,9,너바나 더 밴드 : 전설적 밴드 ‘너바나’와는 별 관련 없는 ‘너바나 더 밴드’의 콤비 맷과 제이. 어느 날 공연을 위해 타임머신을 만드는 황당한 작전을 세우고 처음 만났던 17년 전으로 돌,1428,70506,56,64
2026-06-16,10,너만 보이는 날,1320,3367,6,6
2026-06-15,1,군체,33836,5139437,1131,4040
2026-06-15,2,와일드 씽,23666,893389,893,2974
2026-06-15,3,백룸,11897,987954,639,1516
2026-06-15,4,디스클로저 데이,10366,205036,766,2050
2026-06-15,5,마이클,3201,1592236,357,501
2026-06-15,6,눈동자,2879,3102,13,13
2026-06-15,7,상자 속의 양,2293,44046,368,521
2026-06-15,8,만달로리안과 그로구,1819,214494,129,192
2026-06-15,9,디어 마이 히어로,1758,7258,110,279
2026-06-15,10,싱 스트리트,1274,590714,111,142
2026-06-14,1,군체,114961,5105601,1322,4751
2026-06-14,2,와일드 씽,76586,869723,1105,3577
2026-06-14,3,백룸,38107,976057,776,1894
2026-06-14,4,디스클로저 데이,35230,194670,887,2458
2026-06-14,5,마이클,11088,1589035,401,571
2026-06-14,6,이상한 과자 가게 전천당,9807,159163,405,555
2026-06-14,7,디어 마이 히어로,5500,5500,120,328
2026-06-14,8,상자 속의 양,5104,41753,418,553
2026-06-14,9,만달로리안과 그로구,4763,212675,153,220
2026-06-14,10,싱 스트리트,2887,589440,115,135
2026-06-13,1,군체,132016,4990640,1331,4922
2026-06-13,2,와일드 씽,92187,793137,1112,3748
2026-06-13,3,디스클로저 데이,49791,159440,925,2753
2026-06-13,4,백룸,48817,937950,767,1989
2026-06-13,5,마이클,11558,1577947,395,589
2026-06-13,6,이상한 과자 가게 전천당,8253,149356,425,582
2026-06-13,7,상자 속의 양,6090,36649,444,606
2026-06-13,8,만달로리안과 그로구,5642,207912,154,238
2026-06-13,9,싱 스트리트,3602,586553,113,143
2026-06-13,10,슈퍼 마리오 갤럭시,1935,1633044,93,112
2026-06-12,1,군체,54063,4858624,1257,4410
2026-06-12,2,와일드 씽,36326,700950,964,2964
2026-06-12,3,디스클로저 데이,27363,109649,1016,2832
2026-06-12,4,백룸,21808,889133,748,1757
2026-06-12,5,상자 속의 양,4654,30559,440,711
2026-06-12,6,마이클,4417,1566389,342,477
2026-06-12,7,만달로리안과 그로구,2564,202270,143,206
2026-06-12,8,싱 스트리트,1792,582951,120,146
2026-06-12,9,너바나 더 밴드 : 전설적 밴드 ‘너바나’와는 별 관련 없는 ‘너바나 더 밴드’의 콤비 맷과 제이. 어느 날 공연을 위해 타임머신을 만드는 황당한 작전을 세우고 처음 만났던 17년 전으로 돌,1354,65804,60,63
2026-06-12,10,노트북,956,844348,36,48
2026-06-11,1,군체,40619,4804561,1210,4225
2026-06-11,2,와일드 씽,26678,664624,887,2689
2026-06-11,3,디스클로저 데이,25356,82286,1014,2756
2026-06-11,4,백룸,15969,867325,710,1656
2026-06-11,5,상자 속의 양,5676,25905,433,724
2026-06-11,6,마이클,4530,1561972,372,504
2026-06-11,7,싱 스트리트,2472,581159,123,158
2026-06-11,8,만달로리안과 그로구,1742,199706,122,177
2026-06-11,9,순례자들은 왜 돌아오지 않는가,1573,9645,45,47
2026-06-11,10,토이 스토리 5,1537,1537,2,3
2026-06-10,1,디스클로저 데이,56083,56930,1072,2962
2026-06-10,2,군체,47224,4763942,1227,4223
2026-06-10,3,와일드 씽,32253,637946,910,2754
2026-06-10,4,백룸,17742,851356,732,1668
2026-06-10,5,상자 속의 양,8751,20229,456,745
2026-06-10,6,마이클,4336,1557442,363,471
2026-06-10,7,플레이브 아시아 투어 [대쉬: 퀀텀 리프] 앙코르 인 시네마,3932,28218,64,123
2026-06-10,8,싱 스트리트,3089,578687,137,162
2026-06-10,9,쏜애플 '나의 세기' 익스텐디드 플레이 필름,2000,2000,29,60
2026-06-10,10,만달로리안과 그로구,1797,197964,123,154
2026-06-09,1,군체,44402,4716718,1412,5188
2026-06-09,2,와일드 씽,30279,605693,1050,3729
2026-06-09,3,백룸,16153,833614,739,2049
2026-06-09,4,마이클,6737,1553106,516,798
2026-06-09,5,만달로리안과 그로구,2372,196167,263,334
2026-06-09,6,마스터즈 오브 유니버스,1341,12968,196,221
2026-06-09,7,노트북,1319,841920,76,120
2026-06-09,8,맘보 점보,1166,6125,34,34
2026-06-09,9,이상한 과자 가게 전천당,1107,138737,217,237
2026-06-09,10,너바나 더 밴드 : 전설적 밴드 ‘너바나’와는 별 관련 없는 ‘너바나 더 밴드’의 콤비 맷과 제이. 어느 날 공연을 위해 타임머신을 만드는 황당한 작전을 세우고 처음 만났던 17년 전으로 돌,865,62570,75,89
2026-06-08,1,군체,52032,4672316,1386,5260
2026-06-08,2,와일드 씽,31702,575414,1026,3774
2026-06-08,3,백룸,17838,817461,720,2087
2026-06-08,4,마이클,6224,1546369,492,770
2026-06-08,5,만달로리안과 그로구,1956,193795,232,302
2026-06-08,6,마스터즈 오브 유니버스,1304,11627,185,210
2026-06-08,7,노트북,1170,840601,76,118
2026-06-08,8,신사: 악귀의 속삭임,1114,1114,4,5
2026-06-08,9,너바나 더 밴드 : 전설적 밴드 ‘너바나’와는 별 관련 없는 ‘너바나 더 밴드’의 콤비 맷과 제이. 어느 날 공연을 위해 타임머신을 만드는 황당한 작전을 세우고 처음 만났던 17년 전으로 돌,1023,61705,70,84
2026-06-08,10,이상한 과자 가게 전천당,813,137630,206,234
2026-06-07,1,군체,204211,4620284,1598,6170
2026-06-07,2,와일드 씽,111725,543712,1161,4304
2026-06-07,3,백룸,67802,799623,884,2500
2026-06-07,4,마이클,23504,1540145,554,834
2026-06-07,5,이상한 과자 가게 전천당,18402,136817,521,790
2026-06-07,6,만달로리안과 그로구,11841,191839,308,448
2026-06-07,7,슈퍼 마리오 갤럭시,5566,1630536,180,200
2026-06-07,8,돌핀보이: 푸른 바다의 수호자,3115,13617,211,223
2026-06-07,9,노트북,3037,839431,72,83
2026-06-07,10,마스터즈 오브 유니버스,2412,10323,195,232
2026-06-06,1,군체,281917,4416073,1614,6470
2026-06-06,2,와일드 씽,149033,431987,1164,4565
2026-06-06,3,백룸,93068,731821,908,2680
2026-06-06,4,마이클,28968,1516641,550,848
2026-06-06,5,이상한 과자 가게 전천당,19011,118415,537,809
2026-06-06,6,만달로리안과 그로구,14861,179998,311,456
2026-06-06,7,슈퍼 마리오 갤럭시,5551,1624970,189,212
2026-06-06,8,플레이브 아시아 투어 [대쉬: 퀀텀 리프] 앙코르 인 시네마,3400,20552,62,108
2026-06-06,9,돌핀보이: 푸른 바다의 수호자,3273,10502,215,226
2026-06-06,10,마스터즈 오브 유니버스,3170,7911,210,248
2026-06-05,1,군체,117728,4134156,1518,5810
2026-06-05,2,와일드 씽,60413,282954,1211,4731
2026-06-05,3,백룸,38942,638753,821,2294
2026-06-05,4,마이클,11048,1487673,528,789
2026-06-05,5,마스터즈 오브 유니버스,4615,4741,214,281
2026-06-05,6,만달로리안과 그로구,4480,165137,297,385
2026-06-05,7,노트북,3156,834080,86,145
2026-06-05,8,플레이브 아시아 투어 [대쉬: 퀀텀 리프] 앙코르 인 시네마,2337,17152,62,108
2026-06-05,9,이상한 과자 가게 전천당,1696,99404,273,307
2026-06-05,10,너바나 더 밴드 : 전설적 밴드 ‘너바나’와는 별 관련 없는 ‘너바나 더 밴드’의 콤비 맷과 제이. 어느 날 공연을 위해 타임머신을 만드는 황당한 작전을 세우고 처음 만났던 17년 전으로 돌,1450,55253,80,88
2026-06-04,1,군체,79915,4016428,1419,5284
2026-06-04,2,와일드 씽,40464,222541,1253,4715
2026-06-04,3,백룸,27071,599811,775,1991
2026-06-04,4,마이클,8681,1476625,517,784
2026-06-04,5,만달로리안과 그로구,4174,160657,284,363
2026-06-04,6,노트북,3279,830924,77,142
2026-06-04,7,플레이브 아시아 투어 [대쉬: 퀀텀 리프] 앙코르 인 시네마,3244,14815,62,110
2026-06-04,8,이상한 과자 가게 전천당,1897,97708,267,301
2026-06-04,9,너바나 더 밴드 : 전설적 밴드 ‘너바나’와는 별 관련 없는 ‘너바나 더 밴드’의 콤비 맷과 제이. 어느 날 공연을 위해 타임머신을 만드는 황당한 작전을 세우고 처음 만났던 17년 전으로 돌,1237,53803,81,90
2026-06-04,10,뒷자리에 태워줘,1205,15323,70,70
2026-06-03,1,군체,331471,3936513,1516,5783
2026-06-03,2,와일드 씽,160756,182077,1351,5470
2026-06-03,3,백룸,114102,572740,872,2302
2026-06-03,4,마이클,37148,1467944,524,788
2026-06-03,5,이상한 과자 가게 전천당,30346,95811,531,714
2026-06-03,6,만달로리안과 그로구,17876,156483,308,437
2026-06-03,7,플레이브 아시아 투어 [대쉬: 퀀텀 리프] 앙코르 인 시네마,11499,11571,62,112
2026-06-03,8,슈퍼 마리오 갤럭시,11396,1618765,196,217
2026-06-03,9,돌핀보이: 푸른 바다의 수호자,5419,5634,222,242
2026-06-03,10,신극장판 은혼: 요시와라 대염상,3475,70388,60,68
2026-06-02,1,군체,135387,3605042,1811,7383
2026-06-02,2,백룸,39057,458638,841,2349
2026-06-02,3,마이클,21071,1430796,694,1653
2026-06-02,4,만달로리안과 그로구,13751,138607,641,1267
2026-06-02,5,상자 속의 양,5023,10431,28,28
2026-06-02,6,이상한 과자 가게 전천당,3005,65465,354,478
2026-06-02,7,악마는 프라다를 입는다 2,2797,1590300,226,281
2026-06-02,8,너바나 더 밴드 : 전설적 밴드 ‘너바나’와는 별 관련 없는 ‘너바나 더 밴드’의 콤비 맷과 제이. 어느 날 공연을 위해 타임머신을 만드는 황당한 작전을 세우고 처음 만났던 17년 전으로 돌,2386,49532,133,159
2026-06-02,9,프로젝트 헤일메리,1804,2896778,105,121
2026-06-02,10,왕과 사는 남자,1191,16891138,58,69
2026-06-01,1,군체,101982,3469655,1732,6914
2026-06-01,2,백룸,28523,419581,762,2138
2026-06-01,3,마이클,14792,1409725,660,1536
2026-06-01,4,만달로리안과 그로구,8136,124856,598,1167
2026-06-01,5,악마는 프라다를 입는다 2,2098,1587503,207,262
2026-06-01,6,이상한 과자 가게 전천당,2039,62460,344,449
2026-06-01,7,너바나 더 밴드 : 전설적 밴드 ‘너바나’와는 별 관련 없는 ‘너바나 더 밴드’의 콤비 맷과 제이. 어느 날 공연을 위해 타임머신을 만드는 황당한 작전을 세우고 처음 만났던 17년 전으로 돌,1473,47146,127,154
2026-06-01,8,신극장판 은혼: 요시와라 대염상,950,66009,121,133
2026-06-01,9,프로젝트 헤일메리,921,2894974,98,109
2026-06-01,10,왕과 사는 남자,893,16889947,53,60
2026-05-31,1,군체,365458,3367673,1950,7981
2026-05-31,2,백룸,112952,391058,1014,2423
2026-05-31,3,마이클,55194,1394933,757,1686
2026-05-31,4,만달로리안과 그로구,28241,116720,680,1326
2026-05-31,5,이상한 과자 가게 전천당,27551,60421,515,830
2026-05-31,6,슈퍼 마리오 갤럭시,12984,1606327,365,493
2026-05-31,7,극장판 호빵맨: 세균맨과 그림책의 루룬,4876,30336,181,230
2026-05-31,8,너바나 더 밴드 : 전설적 밴드 ‘너바나’와는 별 관련 없는 ‘너바나 더 밴드’의 콤비 맷과 제이. 어느 날 공연을 위해 타임머신을 만드는 황당한 작전을 세우고 처음 만났던 17년 전으로 돌,3730,45673,130,149
2026-05-31,9,와일드 씽,3724,19981,50,57
2026-05-31,10,악마는 프라다를 입는다 2,3502,1585405,148,181
2026-05-30,1,군체,423314,3002215,1991,8490
2026-05-30,2,백룸,132437,278106,909,2234
2026-05-30,3,마이클,58073,1339739,775,1789
2026-05-30,4,만달로리안과 그로구,33808,88479,687,1445
2026-05-30,5,이상한 과자 가게 전천당,24240,32870,516,866
2026-05-30,6,슈퍼 마리오 갤럭시,12164,1593343,393,539
2026-05-30,7,와일드 씽,4963,16257,52,60
2026-05-30,8,악마는 프라다를 입는다 2,4223,1581903,163,198
2026-05-30,9,너바나 더 밴드 : 전설적 밴드 ‘너바나’와는 별 관련 없는 ‘너바나 더 밴드’의 콤비 맷과 제이. 어느 날 공연을 위해 타임머신을 만드는 황당한 작전을 세우고 처음 만났던 17년 전으로 돌,4201,41943,132,153
2026-05-30,10,극장판 호빵맨: 세균맨과 그림책의 루룬,4012,25460,166,216
2026-05-29,1,군체,182224,2578901,1854,7389
2026-05-29,2,백룸,57805,145669,773,1851
2026-05-29,3,마이클,23414,1281666,771,1811
2026-05-29,4,만달로리안과 그로구,15000,54671,699,1670
2026-05-29,5,이상한 과자 가게 전천당,6683,8630,485,738
2026-05-29,6,와일드 씽,6217,11294,33,33
2026-05-29,7,악마는 프라다를 입는다 2,4255,1577680,265,390
2026-05-29,8,너바나 더 밴드 : 전설적 밴드 ‘너바나’와는 별 관련 없는 ‘너바나 더 밴드’의 콤비 맷과 제이. 어느 날 공연을 위해 타임머신을 만드는 황당한 작전을 세우고 처음 만났던 17년 전으로 돌,2538,37742,138,166
2026-05-29,9,뒷자리에 태워줘,1715,7023,140,187
2026-05-29,10,신극장판 은혼: 요시와라 대염상,1628,58128,140,155
2026-05-28,1,군체,125432,2396677,1773,6887
2026-05-28,2,백룸,33233,87864,716,1691
2026-05-28,3,마이클,18579,1258252,750,1805
2026-05-28,4,만달로리안과 그로구,12037,39671,714,1720
2026-05-28,5,상자 속의 양,5408,5408,32,32
2026-05-28,6,카드캡터 체리 극장판,4456,4456,162,238
2026-05-28,7,악마는 프라다를 입는다 2,3695,1573425,291,424
2026-05-28,8,너바나 더 밴드 : 전설적 밴드 ‘너바나’와는 별 관련 없는 ‘너바나 더 밴드’의 콤비 맷과 제이. 어느 날 공연을 위해 타임머신을 만드는 황당한 작전을 세우고 처음 만났던 17년 전으로 돌,2275,35204,139,171
2026-05-28,9,와일드 씽,1988,5077,10,10
2026-05-28,10,뒷자리에 태워줘,1634,5308,142,191
2026-05-27,1,군체,209405,2271245,1813,6970
2026-05-27,2,백룸,54103,54631,688,1609
2026-05-27,3,마이클,34487,1239673,809,1879
2026-05-27,4,만달로리안과 그로구,26242,27634,809,2103
2026-05-27,5,악마는 프라다를 입는다 2,5333,1569730,304,452
2026-05-27,6,너바나 더 밴드 : 전설적 밴드 ‘너바나’와는 별 관련 없는 ‘너바나 더 밴드’의 콤비 맷과 제이. 어느 날 공연을 위해 타임머신을 만드는 황당한 작전을 세우고 처음 만났던 17년 전으로 돌,3533,32929,149,178
2026-05-27,7,신극장판 은혼: 요시와라 대염상,2935,54997,166,195
2026-05-27,8,뒷자리에 태워줘,2045,3674,155,201
2026-05-27,9,프로젝트 헤일메리,1398,2887013,106,126
2026-05-27,10,미세스 그린 애플 매지컬 10주년 기념 라이브 ~피오르드~ 온 스크린,1279,1279,21,21
2026-05-26,1,군체,150488,2061840,1858,7855
2026-05-26,2,마이클,20593,1205186,809,2436
2026-05-26,3,악마는 프라다를 입는다 2,5821,1564397,487,992
2026-05-26,4,너바나 더 밴드 : 전설적 밴드 ‘너바나’와는 별 관련 없는 ‘너바나 더 밴드’의 콤비 맷과 제이. 어느 날 공연을 위해 타임머신을 만드는 황당한 작전을 세우고 처음 만났던 17년 전으로 돌,3192,29396,142,211
2026-05-26,5,살목지,2196,3232828,331,464
2026-05-26,6,프로젝트 헤일메리,2107,2885615,198,268
2026-05-26,7,신극장판 은혼: 요시와라 대염상,2006,52062,335,471
2026-05-26,8,슈퍼 마리오 갤럭시,1198,1578102,176,204
2026-05-26,9,왕과 사는 남자,1181,16884980,134,152
2026-05-26,10,남태령,706,4761,54,64
2026-05-25,1,군체,491898,1911352,1973,8615
2026-05-25,2,마이클,109377,1184593,901,2773
2026-05-25,3,슈퍼 마리오 갤럭시,38095,1576904,585,1027
2026-05-25,4,악마는 프라다를 입는다 2,16318,1558576,495,842
2026-05-25,5,살목지,8147,3230632,384,514
2026-05-25,6,신극장판 은혼: 요시와라 대염상,7308,50056,368,501
2026-05-25,7,프로젝트 헤일메리,6880,2883508,176,209
2026-05-25,8,극장판 호빵맨: 세균맨과 그림책의 루룬,6682,19146,221,350
2026-05-25,9,너바나 더 밴드 : 전설적 밴드 ‘너바나’와는 별 관련 없는 ‘너바나 더 밴드’의 콤비 맷과 제이. 어느 날 공연을 위해 타임머신을 만드는 황당한 작전을 세우고 처음 만났던 17년 전으로 돌,5652,26204,153,201
2026-05-25,10,왕과 사는 남자,2802,16883799,117,144
2026-05-24,1,군체,547652,1419454,2020,9094
2026-05-24,2,마이클,122850,1075216,922,2924
2026-05-24,3,슈퍼 마리오 갤럭시,27591,1538809,621,1059
2026-05-24,4,악마는 프라다를 입는다 2,16996,1542258,524,904
2026-05-24,5,살목지,9998,3222485,404,565
2026-05-24,6,신극장판 은혼: 요시와라 대염상,8702,42748,375,525
2026-05-24,7,프로젝트 헤일메리,6975,2876628,170,207
2026-05-24,8,극장판 호빵맨: 세균맨과 그림책의 루룬,5355,12464,220,354
2026-05-24,9,너바나 더 밴드 : 전설적 밴드 ‘너바나’와는 별 관련 없는 ‘너바나 더 밴드’의 콤비 맷과 제이. 어느 날 공연을 위해 타임머신을 만드는 황당한 작전을 세우고 처음 만났던 17년 전으로 돌,4591,20552,153,196
2026-05-24,10,극장판 내 마음의 위험한 녀석,4429,15740,124,181
2026-05-23,1,군체,450630,871802,2016,9116
2026-05-23,2,마이클,103652,952366,856,2839
2026-05-23,3,슈퍼 마리오 갤럭시,24347,1511218,610,1039
2026-05-23,4,악마는 프라다를 입는다 2,15980,1525262,521,931
2026-05-23,5,신극장판 은혼: 요시와라 대염상,11699,34046,397,552
2026-05-23,6,살목지,8638,3212487,414,560
2026-05-23,7,극장판 호빵맨: 세균맨과 그림책의 루룬,6708,7109,221,372
2026-05-23,8,프로젝트 헤일메리,5490,2869653,171,211
2026-05-23,9,너바나 더 밴드 : 전설적 밴드 ‘너바나’와는 별 관련 없는 ‘너바나 더 밴드’의 콤비 맷과 제이. 어느 날 공연을 위해 타임머신을 만드는 황당한 작전을 세우고 처음 만났던 17년 전으로 돌,5283,15961,155,204
2026-05-23,10,극장판 내 마음의 위험한 녀석,4873,11311,124,182
2026-05-22,1,군체,216435,421172,1939,8162
2026-05-22,2,마이클,41008,848714,874,2796
2026-05-22,3,악마는 프라다를 입는다 2,11684,1509282,544,1174
2026-05-22,4,살목지,4841,3203849,446,667
2026-05-22,5,신극장판 은혼: 요시와라 대염상,4779,22347,378,607
2026-05-22,6,슈퍼 마리오 갤럭시,3594,1486871,237,288
2026-05-22,7,너바나 더 밴드 : 전설적 밴드 ‘너바나’와는 별 관련 없는 ‘너바나 더 밴드’의 콤비 맷과 제이. 어느 날 공연을 위해 타임머신을 만드는 황당한 작전을 세우고 처음 만났던 17년 전으로 돌,2850,10678,138,220
2026-05-22,8,프로젝트 헤일메리,2654,2864163,181,221
2026-05-22,9,극장판 내 마음의 위험한 녀석,2543,6438,109,181
2026-05-22,10,왕과 사는 남자,1500,16876674,129,150
2026-05-21,1,군체,187665,204737,1880,7695
2026-05-21,2,마이클,29285,807706,868,2623
2026-05-21,3,악마는 프라다를 입는다 2,9413,1497598,529,1108
2026-05-21,4,신극장판 은혼: 요시와라 대염상,4093,17568,373,603
2026-05-21,5,극장판 내 마음의 위험한 녀석,3895,3895,115,205
2026-05-21,6,리마인더스 오브 힘,3000,3000,17,17
2026-05-21,7,살목지,2914,3199008,384,545
2026-05-21,8,너바나 더 밴드 : 전설적 밴드 ‘너바나’와는 별 관련 없는 ‘너바나 더 밴드’의 콤비 맷과 제이. 어느 날 공연을 위해 타임머신을 만드는 황당한 작전을 세우고 처음 만났던 17년 전으로 돌,2674,7828,133,212
2026-05-21,9,슈퍼 마리오 갤럭시,2518,1483277,200,234
2026-05-21,10,왕과 사는 남자,2334,16875174,137,161
2026-05-20,1,마이클,48844,778421,1563,5288
2026-05-20,2,악마는 프라다를 입는다 2,15939,1488185,752,2137
2026-05-20,3,군체,12772,17072,66,67
2026-05-20,4,신극장판 은혼: 요시와라 대염상,11687,13475,440,901
2026-05-20,5,살목지,9620,3196094,644,1560
2026-05-20,6,프로젝트 헤일메리,4949,2859808,370,537
2026-05-20,7,슈퍼 마리오 갤럭시,3741,1480759,392,531
2026-05-20,8,너바나 더 밴드 : 전설적 밴드 ‘너바나’와는 별 관련 없는 ‘너바나 더 밴드’의 콤비 맷과 제이. 어느 날 공연을 위해 타임머신을 만드는 황당한 작전을 세우고 처음 만났던 17년 전으로 돌,3635,5154,155,273
2026-05-20,9,왕과 사는 남자,3521,16872840,251,344
2026-05-20,10,탑건: 매버릭,1915,8275966,93,147
2026-05-19,1,마이클,38032,729577,1526,5059
2026-05-19,2,악마는 프라다를 입는다 2,13783,1472246,772,2174
2026-05-19,3,살목지,7973,3186474,613,1541
2026-05-19,4,슈퍼 마리오 갤럭시,3890,1477018,442,666
2026-05-19,5,프로젝트 헤일메리,3750,2854859,401,578
2026-05-19,6,왕과 사는 남자,3014,16869319,261,353
2026-05-19,7,짱구,2144,407791,265,366
2026-05-19,8,군체,1953,4300,9,9
2026-05-19,9,이프 온리,1833,1059253,211,291
2026-05-19,10,탑건: 매버릭,1830,8274051,130,184
2026-05-18,1,마이클,43653,691545,1534,5202
2026-05-18,2,악마는 프라다를 입는다 2,14277,1458463,774,2200
2026-05-18,3,살목지,8793,3178501,622,1583
2026-05-18,4,프로젝트 헤일메리,3965,2851109,391,580
2026-05-18,5,슈퍼 마리오 갤럭시,3642,1473128,444,685
2026-05-18,6,와일드 씽,2440,2652,8,9
2026-05-18,7,왕과 사는 남자,2426,16866305,261,348
2026-05-18,8,군체,1941,2347,9,9
2026-05-18,9,이프 온리,1830,1057420,210,290
2026-05-18,10,짱구,1790,405647,264,364
2026-05-17,1,마이클,179025,647892,1661,6416
2026-05-17,2,슈퍼 마리오 갤럭시,59067,1469486,903,2169
2026-05-17,3,악마는 프라다를 입는다 2,40144,1444186,847,2516
2026-05-17,4,살목지,32131,3169708,743,2010
2026-05-17,5,프로젝트 헤일메리,13124,2847144,424,598
2026-05-17,6,탑건: 매버릭,6030,8270540,135,195
2026-05-17,7,왕과 사는 남자,4854,16863879,252,330
2026-05-17,8,이프 온리,4820,1055590,242,302
2026-05-17,9,짱구,4676,403857,284,407
2026-05-17,10,교생실습,4109,22022,237,340
2026-05-16,1,마이클,204422,468867,1696,6808
2026-05-16,2,슈퍼 마리오 갤럭시,55266,1410419,902,2198
2026-05-16,3,악마는 프라다를 입는다 2,49883,1404042,870,2621
2026-05-16,4,살목지,38823,3137577,751,2170
2026-05-16,5,프로젝트 헤일메리,15867,2834020,437,623
2026-05-16,6,탑건: 매버릭,7199,8264510,133,207
2026-05-16,7,교생실습,5250,17913,237,350
2026-05-16,8,짱구,4684,399181,284,408
2026-05-16,9,왕과 사는 남자,4664,16859025,249,328
2026-05-16,10,이프 온리,4475,1050770,232,291
2026-05-15,1,마이클,86922,264445,1718,6216
2026-05-15,2,악마는 프라다를 입는다 2,30518,1354159,843,2487
2026-05-15,3,살목지,20009,3098754,743,2011
2026-05-15,4,슈퍼 마리오 갤럭시,9229,1355153,579,944
2026-05-15,5,프로젝트 헤일메리,8386,2818153,414,598
2026-05-15,6,왕과 사는 남자,4155,16854361,276,346
2026-05-15,7,교생실습,3378,12663,240,385
2026-05-15,8,이프 온리,3187,1046295,231,328
2026-05-15,9,짱구,3080,394497,306,438
2026-05-15,10,탑건: 매버릭,3061,8257311,131,204
2026-05-14,1,마이클,59035,177523,1687,5731
2026-05-14,2,악마는 프라다를 입는다 2,23909,1323641,826,2301
2026-05-14,3,살목지,11588,3078745,715,1763
2026-05-14,4,슈퍼 마리오 갤럭시,6117,1345924,515,805
2026-05-14,5,프로젝트 헤일메리,5192,2809767,381,519
2026-05-14,6,왕과 사는 남자,3739,16850206,261,326
2026-05-14,7,교생실습,3484,9285,237,396
2026-05-14,8,짱구,2885,391417,296,407
2026-05-14,9,이프 온리,2474,1043108,231,320
2026-05-14,10,탑건: 매버릭,2087,8254250,125,198
2026-05-13,1,마이클,99902,118488,1734,6157
2026-05-13,2,악마는 프라다를 입는다 2,29970,1299732,817,2285
2026-05-13,3,살목지,16441,3067157,728,1841
2026-05-13,4,프로젝트 헤일메리,7048,2804575,356,495
2026-05-13,5,슈퍼 마리오 갤럭시,6561,1339807,519,838
2026-05-13,6,왕과 사는 남자,4625,16846467,266,335
2026-05-13,7,교생실습,3707,5801,253,394
2026-05-13,8,짱구,3306,388532,324,445
2026-05-13,9,이프 온리,2988,1040634,223,309
2026-05-13,10,탑건: 매버릭,2718,8252163,111,174
2026-05-12,1,악마는 프라다를 입는다 2,23289,1269762,1099,3484
2026-05-12,2,살목지,13398,3050716,891,2632
2026-05-12,3,프로젝트 헤일메리,7512,2797527,545,961
2026-05-12,4,슈퍼 마리오 갤럭시,7350,1333246,730,1641
2026-05-12,5,왕과 사는 남자,4875,16841842,398,592
2026-05-12,6,짱구,4170,385226,436,791
2026-05-12,7,란 12.3,2566,234543,275,375
2026-05-12,8,모탈 컴뱃 2,1216,14433,316,404
2026-05-12,9,내 이름은,1069,206709,103,136
2026-05-12,10,올 그린스,554,7695,107,139
2026-05-11,1,악마는 프라다를 입는다 2,24856,1246473,1079,3498
2026-05-11,2,살목지,14561,3037318,878,2641
2026-05-11,3,슈퍼 마리오 갤럭시,7191,1325896,733,1685
2026-05-11,4,프로젝트 헤일메리,7049,2790015,546,934
2026-05-11,5,짱구,4447,381056,429,785
2026-05-11,6,왕과 사는 남자,3446,16836967,372,555
2026-05-11,7,란 12.3,1590,231977,271,360
2026-05-11,8,마이클,1506,18371,4,4
2026-05-11,9,모탈 컴뱃 2,1168,13217,314,410
2026-05-11,10,내 이름은,896,205640,99,128
2026-05-10,1,슈퍼 마리오 갤럭시,82482,1318705,1422,4618
2026-05-10,2,악마는 프라다를 입는다 2,68336,1221617,1132,3898
2026-05-10,3,살목지,56204,3022757,1088,3653
2026-05-10,4,프로젝트 헤일메리,20769,2782966,608,1047
2026-05-10,5,짱구,12231,376609,494,869
2026-05-10,6,왕과 사는 남자,8286,16833521,385,566
2026-05-10,7,란 12.3,4210,230387,297,398
2026-05-10,8,모탈 컴뱃 2,2340,12049,335,404
2026-05-10,9,내 이름은,1540,204744,97,122
2026-05-10,10,기동전사 건담: 섬광의 하사웨이 키르케의 마녀,819,41268,50,53
2026-05-09,1,악마는 프라다를 입는다 2,84302,1153281,1162,4165
2026-05-09,2,슈퍼 마리오 갤럭시,84026,1236223,1435,4789
2026-05-09,3,살목지,64731,2966553,1083,3863
2026-05-09,4,프로젝트 헤일메리,25296,2762197,605,1107
2026-05-09,5,짱구,12913,364378,498,900
2026-05-09,6,왕과 사는 남자,8658,16825235,400,596
2026-05-09,7,란 12.3,4322,226177,305,405
2026-05-09,8,모탈 컴뱃 2,3159,9709,365,447
2026-05-09,9,내 이름은,1545,203204,104,127
2026-05-09,10,올 그린스,1228,5847,120,147
2026-05-08,1,악마는 프라다를 입는다 2,42875,1068979,1182,4046
2026-05-08,2,살목지,26377,2901822,996,3233
2026-05-08,3,슈퍼 마리오 갤럭시,17524,1152197,924,2350
2026-05-08,4,프로젝트 헤일메리,12485,2736901,568,955
2026-05-08,5,짱구,6118,351465,473,813
2026-05-08,6,왕과 사는 남자,5823,16816577,424,598
2026-05-08,7,란 12.3,2393,221855,301,414
2026-05-08,8,모탈 컴뱃 2,2135,6550,362,526
2026-05-08,9,내 이름은,2056,201659,106,144
2026-05-08,10,기동전사 건담: 섬광의 하사웨이 키르케의 마녀,757,39300,52,58
2026-05-07,1,악마는 프라다를 입는다 2,31480,1026104,1173,3792
2026-05-07,2,살목지,18283,2875445,929,2748
2026-05-07,3,슈퍼 마리오 갤럭시,10471,1134673,880,2003
2026-05-07,4,프로젝트 헤일메리,8492,2724416,543,859
2026-05-07,5,마이클,8113,15115,45,45
2026-05-07,6,짱구,5142,345347,457,734
2026-05-07,7,왕과 사는 남자,3922,16810754,361,494
2026-05-07,8,란 12.3,2431,219462,275,381
2026-05-07,9,모탈 컴뱃 2,1706,4415,358,515
2026-05-07,10,내 이름은,1592,199603,126,167
2026-05-06,1,악마는 프라다를 입는다 2,35509,994624,1158,3912
2026-05-06,2,살목지,20988,2857162,961,2874
2026-05-06,3,슈퍼 마리오 갤럭시,13523,1124202,900,2280
2026-05-06,4,프로젝트 헤일메리,9281,2715924,488,807
2026-05-06,5,짱구,7081,340205,448,722
2026-05-06,6,왕과 사는 남자,3299,16806832,324,438
2026-05-06,7,모탈 컴뱃 2,2543,2709,365,592
2026-05-06,8,란 12.3,2227,217031,253,335
2026-05-06,9,올 그린스,2194,2694,133,201
2026-05-06,10,기동전사 건담: 섬광의 하사웨이 키르케의 마녀,1954,37567,55,61
2026-05-05,1,슈퍼 마리오 갤럭시,283280,1110679,1847,6853
2026-05-05,2,악마는 프라다를 입는다 2,124686,959115,1199,4038
2026-05-05,3,살목지,108212,2836174,1233,3333
2026-05-05,4,프로젝트 헤일메리,30809,2706643,496,708
2026-05-05,5,짱구,19000,333124,505,754
2026-05-05,6,왕과 사는 남자,13309,16803533,350,455
2026-05-05,7,란 12.3,8889,214804,268,330
2026-05-05,8,사랑의 하츄핑 특별판,3284,12323,254,299
2026-05-05,9,극장판 반짝반짝 달님이: 싱어롱 파티,2342,9515,169,238
2026-05-05,10,내 이름은,2073,196266,140,165
2026-05-04,1,슈퍼 마리오 갤럭시,141462,827399,1487,5546
2026-05-04,2,악마는 프라다를 입는다 2,98410,834429,1252,4778
2026-05-04,3,살목지,91937,2727962,1216,3695
2026-05-04,4,프로젝트 헤일메리,26249,2675834,522,755
2026-05-04,5,짱구,15623,314124,497,797
2026-05-04,6,왕과 사는 남자,10724,16790224,325,437
2026-05-04,7,란 12.3,6817,205915,330,430
2026-05-04,8,내 이름은,2220,194193,146,185
2026-05-04,9,사랑의 하츄핑 특별판,1496,9039,213,237
2026-05-04,10,기동전사 건담: 섬광의 하사웨이 키르케의 마녀,1436,34539,85,96
2026-05-02,1,슈퍼 마리오 갤럭시,157833,499416,1608,6089
2026-05-02,2,악마는 프라다를 입는다 2,153936,590930,1368,5318
2026-05-02,3,살목지,128023,2512323,1318,3490
2026-05-02,4,프로젝트 헤일메리,31577,2618065,464,643
2026-05-02,5,짱구,24202,273378,509,798
2026-05-02,6,왕과 사는 남자,11581,16764781,290,378
2026-05-02,7,란 12.3,11115,186703,280,343
2026-05-02,8,내 이름은,3423,188072,169,209
2026-05-02,9,기동전사 건담: 섬광의 하사웨이 키르케의 마녀,2250,31337,84,96
2026-05-02,10,마녀배달부 키키,1967,126203,55,57
2026-05-01,1,슈퍼 마리오 갤럭시,231103,341583,1577,6184
2026-05-01,2,악마는 프라다를 입는다 2,183788,436994,1418,5804
2026-05-01,3,살목지,146272,2384300,1164,3003
2026-05-01,4,프로젝트 헤일메리,32974,2586488,422,580
2026-05-01,5,짱구,24579,249176,473,748
2026-05-01,6,란 12.3,13643,175588,274,334
2026-05-01,7,왕과 사는 남자,12119,16753200,252,322
2026-05-01,8,내 이름은,3634,184649,177,221
2026-05-01,9,사랑의 하츄핑 특별판,3321,3321,295,352
2026-05-01,10,기동전사 건담: 섬광의 하사웨이 키르케의 마녀,2365,29087,84,100
2026-04-30,1,살목지,102147,2238028,957,2477
2026-04-30,2,악마는 프라다를 입는다 2,101438,253206,1540,6202
2026-04-30,3,슈퍼 마리오 갤럭시,47020,110480,1162,4000
2026-04-30,4,프로젝트 헤일메리,16797,2553514,449,606
2026-04-30,5,짱구,16278,224597,539,886
2026-04-30,6,란 12.3,7005,161945,373,514
2026-04-30,7,왕과 사는 남자,6652,16741081,271,370
2026-04-30,8,마이클,6378,7002,34,34
2026-04-30,9,내 이름은,4506,181015,212,297
2026-04-30,10,마녀배달부 키키,2882,122855,76,85
2026-04-29,1,악마는 프라다를 입는다 2,150767,151768,1578,6165
2026-04-29,2,슈퍼 마리오 갤럭시,60433,63460,1166,4173
2026-04-29,3,살목지,59050,2135881,845,2113
2026-04-29,4,프로젝트 헤일메리,13393,2536717,407,548
2026-04-29,5,짱구,13237,208319,523,826
2026-04-29,6,란 12.3,6002,154940,382,511
2026-04-29,7,왕과 사는 남자,5848,16734429,245,331
2026-04-29,8,내 이름은,5752,176509,217,296
2026-04-29,9,기동전사 건담: 섬광의 하사웨이 키르케의 마녀,3083,24272,94,127
2026-04-29,10,마녀배달부 키키,2037,119973,70,74
2026-04-28,1,살목지,51175,2076831,1152,4209
2026-04-28,2,프로젝트 헤일메리,16822,2523324,705,1671
2026-04-28,3,짱구,15554,195082,691,1717
2026-04-28,4,왕과 사는 남자,11671,16728581,614,1343
2026-04-28,5,란 12.3,8011,148938,581,1528
2026-04-28,6,내 이름은,5077,170757,491,826
2026-04-28,7,리 크로닌의 미이라,2746,33691,316,450
2026-04-28,8,르누아르,1942,13670,132,216
2026-04-28,9,기동전사 건담: 섬광의 하사웨이 키르케의 마녀,1449,21189,88,136
2026-04-28,10,마녀배달부 키키,1292,117936,114,140
2026-04-27,1,살목지,41902,2025656,1114,4129
2026-04-27,2,짱구,15630,179528,680,1690
2026-04-27,3,프로젝트 헤일메리,15612,2506502,686,1660
2026-04-27,4,왕과 사는 남자,10114,16716910,599,1323
2026-04-27,5,란 12.3,7279,140927,576,1530
2026-04-27,6,내 이름은,4074,165680,450,767
2026-04-27,7,리 크로닌의 미이라,2758,30945,314,450
2026-04-27,8,기동전사 건담: 섬광의 하사웨이 키르케의 마녀,1329,19740,88,138
2026-04-27,9,악마는 프라다를 입는다 2,1001,1001,3,4
2026-04-27,10,마녀배달부 키키,949,116644,106,128
2026-04-26,1,살목지,109078,1983754,1349,5326
2026-04-26,2,프로젝트 헤일메리,46552,2490890,796,2008
2026-04-26,3,짱구,42065,163898,878,1925
2026-04-26,4,란 12.3,28349,133648,647,1865
2026-04-26,5,왕과 사는 남자,25080,16706796,674,1576
2026-04-26,6,내 이름은,10615,161606,558,883
2026-04-26,7,리 크로닌의 미이라,4731,28187,332,471
2026-04-26,8,고트: 더 레전드,3908,30056,330,415
2026-04-26,9,마녀배달부 키키,3877,115695,128,155
2026-04-26,10,기동전사 건담: 섬광의 하사웨이 키르케의 마녀,3513,18411,90,146
2026-04-25,1,살목지,147850,1874676,1378,5625
2026-04-25,2,프로젝트 헤일메리,56289,2444338,800,2084
2026-04-25,3,짱구,44479,121833,857,1938
2026-04-25,4,란 12.3,32762,105299,652,1972
2026-04-25,5,왕과 사는 남자,27383,16681716,687,1644
2026-04-25,6,내 이름은,10368,150991,562,912
2026-04-25,7,리 크로닌의 미이라,6491,23456,345,499
2026-04-25,8,기동전사 건담: 섬광의 하사웨이 키르케의 마녀,4441,14898,90,147
2026-04-25,9,마녀배달부 키키,4302,111818,146,172
2026-04-25,10,고트: 더 레전드,3617,26148,335,432
2026-04-24,1,살목지,86527,1726826,1263,4783
2026-04-24,2,프로젝트 헤일메리,26138,2388049,748,1838
2026-04-24,3,짱구,24822,77354,733,1728
2026-04-24,4,란 12.3,17228,72537,739,1933
2026-04-24,5,왕과 사는 남자,14695,16654333,663,1443
2026-04-24,6,내 이름은,6550,140623,546,916
2026-04-24,7,리 크로닌의 미이라,4854,16965,366,582
2026-04-24,8,기동전사 건담: 섬광의 하사웨이 키르케의 마녀,2842,10457,90,147
2026-04-24,9,마녀배달부 키키,1783,107516,123,147
2026-04-24,10,노멀,1775,15602,52,66
2026-04-23,1,살목지,48405,1640299,1150,4090
2026-04-23,2,짱구,20639,52532,678,1584
2026-04-23,3,란 12.3,17231,55309,787,1990
2026-04-23,4,프로젝트 헤일메리,15223,2361911,721,1664
2026-04-23,5,왕과 사는 남자,11285,16639638,642,1346
2026-04-23,6,내 이름은,7089,134073,532,903
2026-04-23,7,리 크로닌의 미이라,4459,12111,346,561
2026-04-23,8,줄무늬 파자마를 입은 소년,3270,3604,153,213
2026-04-23,9,기동전사 건담: 섬광의 하사웨이 키르케의 마녀,2539,7615,90,149
2026-04-23,10,노멀,1744,13827,91,108
2026-04-22,1,살목지,43400,1591894,1172,4155
2026-04-22,2,란 12.3,37037,38078,842,2156
2026-04-22,3,짱구,26848,31893,693,1672
2026-04-22,4,프로젝트 헤일메리,17656,2346688,718,1657
2026-04-22,5,왕과 사는 남자,10893,16628353,611,1333
2026-04-22,6,내 이름은,8333,126984,552,977
2026-04-22,7,리 크로닌의 미이라,6378,7652,368,610
2026-04-22,8,기동전사 건담: 섬광의 하사웨이 키르케의 마녀,5076,5076,90,149
2026-04-22,9,르누아르,3468,4209,127,239
2026-04-22,10,마녀배달부 키키,3253,104074,119,141
2026-04-21,1,살목지,39689,1548494,1253,4516
2026-04-21,2,프로젝트 헤일메리,14892,2329032,900,2144
2026-04-21,3,왕과 사는 남자,13628,16617460,706,1752
2026-04-21,4,내 이름은,9798,118651,624,1358
2026-04-21,5,노멀,1922,10439,124,214
2026-04-21,6,마녀배달부 키키,1806,100821,271,326
2026-04-21,7,쉘터,1714,17896,159,233
2026-04-21,8,힌드의 목소리,1185,12346,112,130
2026-04-21,9,고트: 더 레전드,891,20779,238,276
2026-04-21,10,미야자키 하야오의 그대들은 어떻게 살 것인가,798,6091,78,96
2026-04-20,1,살목지,46984,1508805,1258,4669
2026-04-20,2,프로젝트 헤일메리,16038,2314140,905,2179
2026-04-20,3,왕과 사는 남자,14322,16603832,700,1779
2026-04-20,4,내 이름은,8714,108853,585,1311
2026-04-20,5,마녀배달부 키키,1521,99015,270,336
2026-04-20,6,노멀,965,8517,109,186
2026-04-20,7,고트: 더 레전드,854,19888,240,274
2026-04-20,8,쉘터,851,16182,146,217
2026-04-20,9,힌드의 목소리,696,11161,99,112
2026-04-20,10,트루먼 쇼,540,29792,74,122
2026-04-19,1,살목지,161640,1461821,1465,5882
2026-04-19,2,프로젝트 헤일메리,60871,2298102,1039,2734
2026-04-19,3,왕과 사는 남자,37222,16589510,812,2106
2026-04-19,4,내 이름은,20963,100139,681,1426
2026-04-19,5,고트: 더 레전드,8682,19034,496,800
2026-04-19,6,마녀배달부 키키,5666,97494,351,435
2026-04-19,7,쉘터,3286,15331,172,250
2026-04-19,8,극장판 하이큐!! 쓰레기장의 결전,2313,754737,93,110
2026-04-19,9,노멀,2183,7552,121,217
2026-04-19,10,극장판 귀멸의 칼날: 무한성편,2147,5809650,57,61
2026-04-18,1,살목지,211494,1300181,1511,6142
2026-04-18,2,프로젝트 헤일메리,76956,2237231,1053,2832
2026-04-18,3,왕과 사는 남자,43814,16552288,807,2200
2026-04-18,4,내 이름은,23796,79176,694,1454
2026-04-18,5,고트: 더 레전드,7729,10352,505,789
2026-04-18,6,마녀배달부 키키,7306,91828,361,450
2026-04-18,7,쉘터,3125,12045,167,243
2026-04-18,8,트루먼 쇼,2557,27438,88,138
2026-04-18,9,노멀,2471,5369,133,239
2026-04-18,10,극장판 하이큐!! 쓰레기장의 결전,2244,752424,92,113
2026-04-17,1,살목지,98966,1088687,1375,5168
2026-04-17,2,프로젝트 헤일메리,32892,2160275,1005,2563
2026-04-17,3,왕과 사는 남자,23919,16508474,771,2073
2026-04-17,4,내 이름은,16192,55380,660,1489
2026-04-17,5,마녀배달부 키키,3916,84522,327,459
2026-04-17,6,고트: 더 레전드,2472,2623,339,423
2026-04-17,7,노멀,2366,2898,129,246
2026-04-17,8,쉘터,2291,8920,167,264
2026-04-17,9,트루먼 쇼,1624,24881,70,150
2026-04-17,10,위 리브 인 타임,1343,28430,134,168
2026-04-16,1,살목지,58662,989721,1322,4732
2026-04-16,2,왕과 사는 남자,19251,16484555,769,2011
2026-04-16,3,프로젝트 헤일메리,19228,2127383,932,2328
2026-04-16,4,내 이름은,13799,39188,667,1566
2026-04-16,5,마녀배달부 키키,3043,80606,326,484
2026-04-16,6,"극장판 총집편 걸즈 밴드 크라이 있잖아, 미래.",2920,2920,100,136
2026-04-16,7,쉘터,2840,6629,167,284
2026-04-16,8,짱구,2792,3081,13,14
2026-04-16,9,위 리브 인 타임,1890,27087,127,171
2026-04-16,10,힌드의 목소리,1368,5960,105,135
2026-04-15,1,살목지,68743,931059,1324,4776
2026-04-15,2,프로젝트 헤일메리,21338,2108155,966,2387
2026-04-15,3,왕과 사는 남자,20422,16465304,777,2047
2026-04-15,4,내 이름은,17069,25389,667,1594
2026-04-15,5,마녀배달부 키키,9821,77563,346,547
2026-04-15,6,쉘터,3789,3789,174,298
2026-04-15,7,극장판 하이큐!! 쓰레기장의 결전,2336,748321,108,153
2026-04-15,8,위 리브 인 타임,2282,25197,134,176
2026-04-15,9,트루먼 쇼,2101,22092,69,164
2026-04-15,10,힌드의 목소리,1742,4592,116,145
2026-04-14,1,살목지,64686,862316,1312,4589
2026-04-14,2,왕과 사는 남자,23854,16444882,957,2823
2026-04-14,3,프로젝트 헤일메리,21035,2086817,1083,2704
2026-04-14,4,내 이름은,1945,8320,10,10
2026-04-14,5,크라임 101,1878,17746,158,294
2026-04-14,6,네가 마지막으로 남긴 노래,1472,78787,253,298
2026-04-14,7,끝장수사,1107,85189,250,315
2026-04-14,8,극장판 귀멸의 칼날: 무한성편,949,5803704,68,102
2026-04-14,9,위 리브 인 타임,763,22915,179,284
2026-04-14,10,두 검사,573,10800,35,39
2026-04-13,1,살목지,73629,797630,1279,4566
2026-04-13,2,왕과 사는 남자,23806,16421028,926,2865
2026-04-13,3,프로젝트 헤일메리,23672,2065782,1087,2811
2026-04-13,4,크라임 101,1299,15868,138,264
2026-04-13,5,네가 마지막으로 남긴 노래,1115,77315,227,274
2026-04-13,6,끝장수사,1070,84082,220,285
2026-04-13,7,극장판 귀멸의 칼날: 무한성편,928,5802755,69,98
2026-04-13,8,위 리브 인 타임,921,22152,179,283
2026-04-13,9,내 이름은,729,6375,2,2
2026-04-13,10,명탐정 코난: 세기말의 마술사,599,92744,117,133
2026-04-12,1,살목지,197669,724001,1434,5326
2026-04-12,2,프로젝트 헤일메리,97319,2042110,1234,3499
2026-04-12,3,왕과 사는 남자,65969,16397222,1019,3253
2026-04-12,4,런닝맨: 라이트&쉐도우,5851,13055,193,345
2026-04-12,5,호퍼스,5824,754046,308,396
2026-04-12,6,극장판 귀멸의 칼날: 무한성편,4846,5801827,75,120
2026-04-12,7,위 리브 인 타임,3776,21231,224,359
2026-04-12,8,네가 마지막으로 남긴 노래,3342,76200,283,336
2026-04-12,9,명탐정 코난: 세기말의 마술사,2623,92145,143,165
2026-04-12,9,크라임 101,2623,14569,182,345
2026-04-11,1,살목지,226983,526332,1463,5463
2026-04-11,2,프로젝트 헤일메리,121246,1944791,1264,3643
2026-04-11,3,왕과 사는 남자,70653,16331253,1052,3416
2026-04-11,4,런닝맨: 라이트&쉐도우,6701,7204,196,345
2026-04-11,5,호퍼스,5725,748222,296,380
2026-04-11,6,극장판 귀멸의 칼날: 무한성편,5467,5796981,77,126
2026-04-11,7,위 리브 인 타임,4089,17455,230,379
2026-04-11,8,네가 마지막으로 남긴 노래,3544,72858,292,351
2026-04-11,9,크라임 101,3351,11946,182,349
2026-04-11,10,끝장수사,2655,80840,288,411
2026-04-10,1,살목지,111766,299349,1359,4681
2026-04-10,2,프로젝트 헤일메리,56387,1823545,1215,3296
2026-04-10,3,왕과 사는 남자,38623,16260600,1050,3371
2026-04-10,4,위 리브 인 타임,3657,13366,242,438
2026-04-10,5,끝장수사,2544,78185,337,461
2026-04-10,6,네가 마지막으로 남긴 노래,2499,69314,313,395
2026-04-10,7,크라임 101,2409,8595,192,400
2026-04-10,8,극장판 귀멸의 칼날: 무한성편,2039,5791514,77,119
2026-04-10,9,명탐정 코난: 세기말의 마술사,1474,87005,138,170
2026-04-10,10,좀비딸,1178,5641601,5,5
2026-04-09,1,살목지,70759,187583,1219,3974
2026-04-09,2,프로젝트 헤일메리,33951,1767158,1163,3013
2026-04-09,3,왕과 사는 남자,32842,16221977,1062,3241
2026-04-09,4,위 리브 인 타임,3638,9709,221,437
2026-04-09,5,끝장수사,2734,75641,350,510
2026-04-09,6,크라임 101,2161,6186,194,384
2026-04-09,7,네가 마지막으로 남긴 노래,2143,66815,306,376
2026-04-09,8,명탐정 코난: 세기말의 마술사,1681,85531,132,162
2026-04-09,9,극장판 귀멸의 칼날: 무한성편,1297,5789475,77,114
2026-04-09,10,패왕별희 디 오리지널,1069,166168,42,49
2026-04-08,1,살목지,89911,116824,1191,3873
2026-04-08,2,프로젝트 헤일메리,32139,1733207,1139,2967
2026-04-08,3,왕과 사는 남자,27524,16189135,1040,3203
2026-04-08,4,위 리브 인 타임,5337,6071,220,437
2026-04-08,5,크라임 101,3513,4025,208,436
2026-04-08,6,끝장수사,3498,72907,411,567
2026-04-08,7,그랜드 부다페스트 호텔,3077,838769,81,152
2026-04-08,8,네가 마지막으로 남긴 노래,2835,64672,298,366
2026-04-08,9,마녀배달부 키키,2497,62970,27,54
2026-04-08,10,극장판 귀멸의 칼날: 무한성편,1208,5788178,79,115
2026-04-07,1,왕과 사는 남자,32132,16161611,1263,4151
2026-04-07,2,프로젝트 헤일메리,30580,1701068,1249,3207
2026-04-07,3,끝장수사,5932,69409,593,1148
2026-04-07,4,네가 마지막으로 남긴 노래,4040,61837,487,854
2026-04-07,5,극장판 귀멸의 칼날: 무한성편,2090,5786970,89,230
2026-04-07,6,명탐정 코난: 세기말의 마술사,1242,82807,158,231
2026-04-07,7,호퍼스,1170,740274,178,195
2026-04-07,8,두 검사,941,6171,46,52
2026-04-07,9,극장판 진격의 거인 완결편 더 라스트 어택,892,1030432,51,88
2026-04-07,10,킬 빌: 더 홀 블러디 어페어,829,13170,84,104
2026-04-06,1,왕과 사는 남자,37815,16129479,1235,4317
2026-04-06,2,프로젝트 헤일메리,35092,1670488,1232,3232
2026-04-06,3,끝장수사,7164,63477,580,1153
2026-04-06,4,네가 마지막으로 남긴 노래,3790,57797,478,844
2026-04-06,5,극장판 귀멸의 칼날: 무한성편,2354,5784880,89,233
2026-04-06,6,명탐정 코난: 세기말의 마술사,1353,81565,161,228
2026-04-06,7,호퍼스,1048,739104,186,206
2026-04-06,8,킬 빌: 더 홀 블러디 어페어,983,12341,85,109
2026-04-06,9,극장판 진격의 거인 완결편 더 라스트 어택,659,1029540,51,88
2026-04-06,10,투어스 브이알 콘서트 : 러쉬로드,638,34104,1,8
2026-04-05,1,프로젝트 헤일메리,117008,1635396,1376,3915
2026-04-05,2,왕과 사는 남자,94406,16091664,1353,5104
2026-04-05,3,끝장수사,13346,56313,687,1292
2026-04-05,4,네가 마지막으로 남긴 노래,11758,54007,565,1071
2026-04-05,5,극장판 귀멸의 칼날: 무한성편,11077,5782526,90,239
2026-04-05,6,호퍼스,9077,738056,463,655
2026-04-05,7,살목지,7565,26721,112,140
2026-04-05,8,명탐정 코난: 세기말의 마술사,5531,80212,200,307
2026-04-05,9,리바운드,3029,706398,167,182
2026-04-05,10,펫 트레인,2748,18567,132,165
2026-04-04,1,프로젝트 헤일메리,153841,1518388,1401,4099
2026-04-04,2,왕과 사는 남자,123797,15997258,1392,5417
2026-04-04,3,네가 마지막으로 남긴 노래,16758,42249,593,1160
2026-04-04,4,끝장수사,16587,42967,689,1343
2026-04-04,5,극장판 귀멸의 칼날: 무한성편,14918,5771449,90,256
2026-04-04,6,호퍼스,11402,728979,463,667
2026-04-04,7,살목지,8058,19156,116,144
2026-04-04,8,명탐정 코난: 세기말의 마술사,6311,74681,196,313
2026-04-04,9,펫 트레인,3565,15819,130,166
2026-04-04,10,킬 빌: 더 홀 블러디 어페어,3479,9279,97,122
2026-04-03,1,프로젝트 헤일메리,58078,1364547,1305,3459
2026-04-03,2,왕과 사는 남자,52071,15873461,1370,4922
2026-04-03,3,끝장수사,11763,26380,643,1440
2026-04-03,4,네가 마지막으로 남긴 노래,7267,25491,557,1102
2026-04-03,5,극장판 귀멸의 칼날: 무한성편,5903,5756531,90,264
2026-04-03,6,명탐정 코난: 세기말의 마술사,3166,68370,187,306
2026-04-03,7,호퍼스,1639,717577,212,236
2026-04-03,8,오피셜히게단디즘 라이브 앳 스타디움 2025,1441,4619,56,76
2026-04-03,9,패왕별희 디 오리지널,1358,158989,48,57
2026-04-03,10,극장판 진격의 거인 완결편 더 라스트 어택,1110,1025105,51,96
2026-04-02,1,왕과 사는 남자,39303,15821390,1340,4614
2026-04-02,2,프로젝트 헤일메리,31886,1306469,1166,2987
2026-04-02,3,끝장수사,13957,14617,648,1563
2026-04-02,4,네가 마지막으로 남긴 노래,5257,18224,489,1031
2026-04-02,5,극장판 귀멸의 칼날: 무한성편,4370,5750628,90,275
2026-04-02,6,명탐정 코난: 세기말의 마술사,3315,65204,183,297
2026-04-02,7,오피셜히게단디즘 라이브 앳 스타디움 2025,3178,3178,58,84
2026-04-02,8,호퍼스,1266,715938,196,218
2026-04-02,9,내 이름은,1209,1498,4,5
2026-04-02,10,킬 빌: 더 홀 블러디 어페어,1047,4780,80,111
2026-04-01,1,왕과 사는 남자,50276,15782087,1408,5158
2026-04-01,2,프로젝트 헤일메리,39862,1274583,1244,3291
2026-04-01,3,네가 마지막으로 남긴 노래,11414,12967,560,1408
2026-04-01,4,극장판 귀멸의 칼날: 무한성편,6650,5746258,90,274
2026-04-01,5,명탐정 코난: 세기말의 마술사,2959,61889,197,380
2026-04-01,6,킬 빌: 더 홀 블러디 어페어,2923,3733,88,119
2026-04-01,7,호퍼스,1862,714672,257,307
2026-04-01,8,패왕별희 디 오리지널,1746,156608,54,62
2026-04-01,9,극장판 체인소 맨: 레제편,1366,3453440,26,50
2026-04-01,10,연지구 디 오리지널 4K,999,8624,85,92
2026-03-31,1,왕과 사는 남자,55373,15731811,1464,5574
2026-03-31,2,프로젝트 헤일메리,41494,1234721,1281,3438
2026-03-31,3,명탐정 코난: 세기말의 마술사,3283,58930,207,463
2026-03-31,4,호퍼스,2566,712810,311,398
2026-03-31,5,프로텍터,2268,22785,305,371
2026-03-31,6,극장판 귀멸의 칼날: 무한성편,1819,5739608,24,79
2026-03-31,7,극장판 진격의 거인 완결편 더 라스트 어택,1460,1022357,145,234
2026-03-31,8,첨밀밀 ,1212,17951,123,276
2026-03-31,9,삼악도,1093,92271,98,122
2026-03-31,10,메소드연기,944,59984,160,193
2026-03-30,1,왕과 사는 남자,60583,15676438,1451,5578
2026-03-30,2,프로젝트 헤일메리,42581,1193227,1271,3430
2026-03-30,3,명탐정 코난: 세기말의 마술사,3715,55647,204,485
2026-03-30,4,살목지,2515,10418,10,10
2026-03-30,5,극장판 귀멸의 칼날: 무한성편,2209,5737789,23,76
2026-03-30,6,호퍼스,2159,710244,301,394
2026-03-30,7,프로텍터,1609,20517,302,373
2026-03-30,8,극장판 진격의 거인 완결편 더 라스트 어택,1543,1020897,142,242
2026-03-30,9,투어스 브이알 콘서트 : 러쉬로드,1215,28096,1,8
2026-03-30,10,첨밀밀 ,1010,16739,120,257
2026-03-29,1,왕과 사는 남자,188432,15615855,1578,6530
2026-03-29,2,프로젝트 헤일메리,146841,1150646,1344,3919
2026-03-29,3,호퍼스,19231,708085,572,996
2026-03-29,4,명탐정 코난: 세기말의 마술사,13861,51932,252,589
2026-03-29,5,극장판 귀멸의 칼날: 무한성편,8945,5735580,25,68
2026-03-29,6,극장판 진격의 거인 완결편 더 라스트 어택,6052,1019354,161,264
2026-03-29,7,펫 트레인,5547,11759,184,310
2026-03-29,8,뮤지컬 장수탕 선녀님,3027,7932,153,211
2026-03-29,9,프로텍터,2929,18908,321,404
2026-03-29,10,살목지,2445,7903,80,80
2026-03-28,1,왕과 사는 남자,225287,15427423,1583,6890
2026-03-28,2,프로젝트 헤일메리,173558,1003805,1350,4109
2026-03-28,3,호퍼스,19928,688854,583,1016
2026-03-28,4,명탐정 코난: 세기말의 마술사,17249,38071,252,621
2026-03-28,5,극장판 귀멸의 칼날: 무한성편,7564,5726635,25,51
2026-03-28,6,극장판 진격의 거인 완결편 더 라스트 어택,7200,1013302,169,269
2026-03-28,7,펫 트레인,6012,6212,182,324
2026-03-28,8,프로텍터,3419,15979,334,427
2026-03-28,9,뮤지컬 장수탕 선녀님,2622,4905,134,197
2026-03-28,10,살목지,2524,5458,80,80
2026-03-27,1,왕과 사는 남자,98161,15202136,1554,6349
2026-03-27,2,프로젝트 헤일메리,71435,830247,1301,3690
2026-03-27,3,명탐정 코난: 세기말의 마술사,17357,20822,238,727
2026-03-27,4,극장판 귀멸의 칼날: 무한성편,6359,5719071,24,77
2026-03-27,5,호퍼스,5265,668926,384,499
2026-03-27,6,극장판 진격의 거인 완결편 더 라스트 어택,3594,1006102,163,305
2026-03-27,7,프로텍터,3012,12560,355,463
2026-03-27,8,첨밀밀 ,2283,11094,126,354
2026-03-27,9,메소드연기,1893,55176,203,258
2026-03-27,10,연지구 디 오리지널 4K,1375,4730,120,145
2026-03-26,1,왕과 사는 남자,72421,15103975,1560,5989
2026-03-26,2,프로젝트 헤일메리,41233,758812,1290,3513
2026-03-26,3,극장판 귀멸의 칼날: 무한성편,4450,5712712,24,60
2026-03-26,4,프로텍터,3925,9548,374,522
2026-03-26,5,호퍼스,3316,663661,369,469
2026-03-26,6,극장판 진격의 거인 완결편 더 라스트 어택,2561,1002508,169,302
2026-03-26,7,첨밀밀 ,1819,8811,121,349
2026-03-26,8,폭탄,1433,23192,132,184
2026-03-26,9,메소드연기,1339,53283,211,255
2026-03-26,10,삼악도,1073,86600,120,166
2026-03-25,1,왕과 사는 남자,110068,15031554,1661,6242
2026-03-25,2,프로젝트 헤일메리,73500,717579,1333,3544
2026-03-25,3,극장판 귀멸의 칼날: 무한성편,7303,5708262,24,61
2026-03-25,4,극장판 진격의 거인 완결편 더 라스트 어택,5956,999947,182,329
2026-03-25,5,호퍼스,5780,660345,401,504
2026-03-25,6,프로텍터,5409,5623,413,595
2026-03-25,7,첨밀밀 ,4006,6992,125,356
2026-03-25,8,라이프 오브 파이,3065,1650062,58,126
2026-03-25,9,메소드연기,2057,51944,232,289
2026-03-25,10,연지구 디 오리지널 4K,1402,2718,130,175
2026-03-24,1,왕과 사는 남자,78589,14921486,1550,6041
2026-03-24,2,프로젝트 헤일메리,40107,644079,1273,3591
2026-03-24,3,호퍼스,4279,654565,422,601
2026-03-24,4,메소드연기,3392,49887,430,582
2026-03-24,5,살목지,2784,2784,13,15
2026-03-24,6,극장판 진격의 거인 완결편 더 라스트 어택,2166,993991,58,133
2026-03-24,7,삼악도,1008,84641,155,206
2026-03-24,8,폭탄,876,20385,152,229
2026-03-24,9,휴민트,748,1979498,112,120
2026-03-24,10,오만과 편견,618,907384,75,110
2026-03-23,1,왕과 사는 남자,85889,14842897,1516,6055
2026-03-23,2,프로젝트 헤일메리,42609,603972,1237,3567
2026-03-23,3,호퍼스,3858,650286,413,595
2026-03-23,4,메소드연기,2773,46495,414,575
2026-03-23,5,극장판 진격의 거인 완결편 더 라스트 어택,2411,991825,58,133
2026-03-23,6,삼악도,1076,83633,160,209
2026-03-23,7,폭탄,895,19509,160,240
2026-03-23,8,투어스 브이알 콘서트 : 러쉬로드,610,20813,1,8
2026-03-23,9,오만과 편견,535,906766,80,119
2026-03-23,10,녹나무의 파수꾼,534,8133,208,243
2026-03-22,1,왕과 사는 남자,309383,14757008,1714,7133
2026-03-22,2,프로젝트 헤일메리,160739,561363,1332,4089
2026-03-22,3,호퍼스,39852,646428,724,1563
2026-03-22,4,극장판 진격의 거인 완결편 더 라스트 어택,9782,989414,60,141
2026-03-22,5,메소드연기,8592,43722,482,645
2026-03-22,6,삼악도,4432,82557,185,250
2026-03-22,7,폭탄,3640,18614,175,258
2026-03-22,8,쇼생크 탈출,2579,64551,56,60
2026-03-22,9,신의악단,2112,1438794,56,60
2026-03-22,10,녹나무의 파수꾼,1908,7599,252,285
2026-03-21,1,왕과 사는 남자,346538,14447625,1725,7465
2026-03-21,2,프로젝트 헤일메리,190040,400624,1325,4284
2026-03-21,3,호퍼스,40650,606576,726,1594
2026-03-21,4,극장판 진격의 거인 완결편 더 라스트 어택,10157,979632,60,139
2026-03-21,5,메소드연기,9772,35130,482,670
2026-03-21,6,삼악도,4403,78125,181,254
2026-03-21,7,폭탄,3707,14974,170,269
2026-03-21,8,명탐정 코난: 세기말의 마술사,2186,2186,13,15
2026-03-21,9,녹나무의 파수꾼,1979,5691,265,307
2026-03-21,10,쇼생크 탈출,1394,61972,55,60
2026-03-19,1,왕과 사는 남자,107184,13953353,1563,6045
2026-03-19,2,프로젝트 헤일메리,53227,131281,1321,3977
2026-03-19,3,메소드연기,6991,18847,513,761
2026-03-19,4,호퍼스,4621,557648,422,606
2026-03-19,5,폭탄,3194,8349,176,312
2026-03-19,6,삼악도,2543,70711,182,254
2026-03-19,7,오만과 편견,1285,902878,82,120
2026-03-19,8,녹나무의 파수꾼,1120,2668,270,389
2026-03-19,9,투어스 브이알 콘서트 : 러쉬로드,851,16719,1,8
2026-03-19,10,쇼생크 탈출,814,59591,55,67
2026-03-18,1,왕과 사는 남자,124102,13846169,1533,6026
2026-03-18,2,프로젝트 헤일메리,76003,78054,1331,4086
2026-03-18,3,메소드연기,8268,11856,519,779
2026-03-18,4,호퍼스,5207,553027,426,594
2026-03-18,5,폭탄,3783,5155,175,312
2026-03-18,6,삼악도,2485,68168,190,253
2026-03-18,7,케이온,1595,31597,50,58
2026-03-18,8,녹나무의 파수꾼,1548,1548,305,469
2026-03-18,9,쇼생크 탈출,1168,58777,52,65
2026-03-18,10,"파리, 텍사스",1019,8940,29,29
2026-03-17,1,왕과 사는 남자,120443,13722067,1969,8121
2026-03-17,2,호퍼스,8474,547820,625,1452
2026-03-17,3,삼악도,4555,65683,232,628
2026-03-17,4,휴민트,3371,1974257,423,668
2026-03-17,5,오만과 편견,1270,900792,144,287
2026-03-17,6,신의악단,1159,1434183,132,153
2026-03-17,7,햄넷,1150,56231,80,97
2026-03-17,8,센티멘탈 밸류,1051,61616,70,81
2026-03-17,9,아르코,990,15533,176,199
2026-03-17,10,매드 댄스 오피스,899,45429,199,237
2026-03-16,1,왕과 사는 남자,133935,13601624,1946,8102
2026-03-16,2,호퍼스,8186,539346,598,1436
2026-03-16,3,삼악도,3743,61128,228,638
2026-03-16,4,휴민트,3285,1970886,429,670
2026-03-16,5,오만과 편견,1410,899522,144,301
2026-03-16,6,매드 댄스 오피스,1220,44530,206,257
2026-03-16,7,햄넷,1015,55081,82,91
2026-03-16,8,투어스 브이알 콘서트 : 러쉬로드,958,14225,1,8
2026-03-16,9,센티멘탈 밸류,858,60565,58,70
2026-03-16,10,신의악단,851,1433024,123,140
2026-03-15,1,왕과 사는 남자,478133,13467689,2223,9908
2026-03-15,2,호퍼스,75888,531160,931,2731
2026-03-15,3,삼악도,13360,57385,221,639
2026-03-15,4,F1 더 무비,13235,5261209,168,382
2026-03-15,5,휴민트,5359,1967601,350,495
2026-03-15,6,신의악단,3596,1432173,113,128
2026-03-15,7,극장판 진격의 거인 완결편 더 라스트 어택,2819,960945,16,38
2026-03-15,8,오만과 편견,2649,898112,174,254
2026-03-15,9,스페셜즈,2032,3673,38,46
2026-03-15,10,센티멘탈 밸류,1940,59707,60,73
2026-03-14,1,왕과 사는 남자,554177,12989556,2262,10416
2026-03-14,2,호퍼스,79884,455272,918,2815
2026-03-14,3,삼악도,15934,44025,226,666
2026-03-14,4,F1 더 무비,14269,5247974,166,398
2026-03-14,5,휴민트,6640,1962242,361,521
2026-03-14,6,극장판 진격의 거인 완결편 더 라스트 어택,3637,958126,16,41
2026-03-14,7,오만과 편견,3026,895463,177,278
2026-03-14,8,센티멘탈 밸류,2268,57767,71,81
2026-03-14,9,매드 댄스 오피스,1905,41520,184,220
2026-03-14,10,신의악단,1775,1428577,104,119
2026-03-13,1,왕과 사는 남자,221367,12435379,2036,8880
2026-03-13,2,호퍼스,17445,375388,673,1773
2026-03-13,3,삼악도,8864,28091,225,747
2026-03-13,4,F1 더 무비,6977,5233705,159,415
2026-03-13,5,휴민트,4308,1955602,435,655
2026-03-13,6,극장판 진격의 거인 완결편 더 라스트 어택,4225,954489,16,52
2026-03-13,7,오만과 편견,2466,892437,148,294
2026-03-13,8,매드 댄스 오피스,2012,39615,254,294
2026-03-13,9,메소드연기,1866,2229,6,7
2026-03-13,10,신의악단,1337,1426802,118,140
2026-03-12,1,왕과 사는 남자,158644,12214012,1955,7839
2026-03-12,2,호퍼스,9567,357943,649,1467
2026-03-12,3,삼악도,7228,19227,235,742
2026-03-12,4,F1 더 무비,5337,5226728,163,530
2026-03-12,5,휴민트,3955,1951294,433,643
2026-03-12,6,매드 댄스 오피스,2220,37603,248,299
2026-03-12,7,오만과 편견,2057,889971,159,311
2026-03-12,8,아르코,1451,10613,222,263
2026-03-12,9,신의악단,1029,1425465,119,145
2026-03-12,10,초속 5센티미터,1014,87040,97,110
2026-03-11,1,왕과 사는 남자,171419,12055368,1934,7926
2026-03-11,2,호퍼스,11605,348376,659,1588
2026-03-11,3,삼악도,11184,11999,225,819
2026-03-11,4,F1 더 무비,6406,5221391,164,541
2026-03-11,5,휴민트,4150,1947339,434,649
2026-03-11,6,오만과 편견,2865,887914,151,303
2026-03-11,7,아르코,2528,9162,233,285
2026-03-11,8,매드 댄스 오피스,2088,35383,252,299
2026-03-11,9,너자 2,1533,59179,67,77
2026-03-11,10,초속 5센티미터,1355,86026,106,125
2026-03-10,1,왕과 사는 남자,177177,11883949,1860,7464
2026-03-10,2,호퍼스,10263,336771,692,1786
2026-03-10,3,휴민트,5358,1943189,515,869
2026-03-10,4,매드 댄스 오피스,4297,33295,423,597
2026-03-10,5,초속 5센티미터,2738,84671,221,267
2026-03-10,6,브라이드!,1844,22455,299,405
2026-03-10,7,신의악단,1676,1423557,178,198
2026-03-10,8,햄넷,1493,47585,163,193
2026-03-10,9,우리에게는 아직 내일이 있다,1183,9319,84,104
2026-03-10,10,우리는 매일매일,1030,11794,101,116
2026-03-09,1,왕과 사는 남자,203138,11706772,1816,7356
2026-03-09,2,호퍼스,11332,326508,690,1835
2026-03-09,3,휴민트,5633,1937831,509,865
2026-03-09,4,매드 댄스 오피스,2025,28998,368,488
2026-03-09,5,초속 5센티미터,1793,81933,202,236
2026-03-09,6,햄넷,1450,46092,153,178
2026-03-09,7,브라이드!,1286,20611,277,366
2026-03-09,8,신의악단,1245,1421881,163,188
2026-03-09,9,투어스 브이알 콘서트 : 러쉬로드,1165,6830,1,8
2026-03-09,10,센티멘탈 밸류,979,51402,74,86
2026-03-08,1,왕과 사는 남자,699459,11503634,2187,9211
2026-03-08,2,호퍼스,105977,315176,1013,3157
2026-03-08,3,휴민트,15497,1932198,515,836
2026-03-08,4,신의악단,5719,1420636,168,189
2026-03-08,5,매드 댄스 오피스,4898,26973,428,547
2026-03-08,6,너자 2,3831,57108,102,115
2026-03-08,7,햄넷,2823,44642,145,159
2026-03-08,8,초속 5센티미터,2531,80140,194,219
2026-03-08,9,굿 윌 헌팅,2480,55957,89,104
2026-03-08,10,브라이드!,2225,19325,297,380
2026-03-07,1,왕과 사는 남자,754518,10804175,2171,9535
2026-03-07,2,호퍼스,107039,209199,1011,3247
2026-03-07,3,휴민트,18428,1916701,519,896
2026-03-07,4,매드 댄스 오피스,5971,22075,456,602
2026-03-07,5,신의악단,4538,1414917,167,195
2026-03-07,6,햄넷,3076,41819,149,161
2026-03-07,7,브라이드!,3040,17100,337,439
2026-03-07,8,넘버원,2940,278409,65,74
2026-03-07,9,너자 2,2894,53277,98,113
2026-03-07,10,초속 5센티미터,2637,77609,189,214
2026-03-06,1,왕과 사는 남자,271738,10049657,1881,7684
2026-03-06,2,호퍼스,20799,102160,827,2311
2026-03-06,3,휴민트,9905,1898273,582,1011
2026-03-06,4,매드 댄스 오피스,3915,16104,476,783
2026-03-06,5,브라이드!,2957,14060,357,591
2026-03-06,6,우리는 매일매일,2546,7563,134,162
2026-03-06,7,햄넷,2337,38743,172,195
2026-03-06,8,너자 2,1861,50383,110,131
2026-03-06,9,신의악단,1658,1410379,175,199
2026-03-06,10,센티멘탈 밸류,1498,46149,87,100
2026-03-05,1,왕과 사는 남자,180529,9777919,1697,6654
2026-03-05,2,호퍼스,11795,81361,747,2041
2026-03-05,3,휴민트,7105,1888368,542,934
2026-03-05,4,매드 댄스 오피스,3839,12189,470,815
2026-03-05,5,브라이드!,3357,11103,370,600
2026-03-05,6,너자 2,2388,48522,110,135
2026-03-05,7,신의악단,1938,1408721,183,209
2026-03-05,8,우리는 매일매일,1887,5017,125,150
2026-03-05,9,햄넷,1758,36406,175,202
2026-03-05,10,다이 마이 러브,1519,3683,112,186
2026-03-04,1,왕과 사는 남자,189637,9597390,1633,6464
2026-03-04,2,호퍼스,17155,69566,788,2320
2026-03-04,3,브라이드!,7478,7746,399,676
2026-03-04,4,휴민트,6837,1881263,549,932
2026-03-04,5,매드 댄스 오피스,5420,8350,484,885
2026-03-04,6,우리는 매일매일,2523,3130,142,168
2026-03-04,7,너자 2,2512,46134,107,139
2026-03-04,8,다이 마이 러브,2164,2164,115,212
2026-03-04,9,햄넷,1979,34648,164,196
2026-03-04,10,아이엠스타!X프리파라 더 무비 -만남의 기적!-,1754,75777,53,62
2026-03-03,1,왕과 사는 남자,194476,9407753,1800,7489
2026-03-03,2,휴민트,10756,1874426,659,1647
2026-03-03,3,초속 5센티미터,3542,71293,444,748
2026-03-03,4,28년 후: 뼈의 사원,2632,29175,379,564
2026-03-03,5,신의악단,2242,1405190,295,369
2026-03-03,6,햄넷,2231,32669,302,390
2026-03-03,7,넘버원,2035,274772,191,235
2026-03-03,8,너자 2,1840,43622,203,331
2026-03-03,9,센티멘탈 밸류,1101,42895,101,110
2026-03-03,10,아르코,1043,2665,8,8
2026-03-02,1,왕과 사는 남자,728915,9213277,2150,9321
2026-03-02,2,휴민트,41504,1863670,754,1622
2026-03-02,3,호퍼스,29415,52411,538,1174
2026-03-02,4,신의악단,11210,1402948,287,337
2026-03-02,5,초속 5센티미터,8164,67751,488,721
2026-03-02,6,너자 2,6934,41782,231,378
2026-03-02,7,28년 후: 뼈의 사원,4978,26543,365,514
2026-03-02,8,햄넷,4622,30438,292,339
2026-03-02,9,넘버원,3950,272737,173,207
2026-03-02,10,귀신 부르는 앱: 영,3325,91031,133,168
2026-03-01,1,왕과 사는 남자,817182,8484362,2170,9709
2026-03-01,2,휴민트,54656,1822166,784,1786
2026-03-01,3,호퍼스,22185,22996,536,1172
2026-03-01,4,신의악단,10536,1391738,327,376
2026-03-01,5,초속 5센티미터,10031,59587,503,777
2026-03-01,6,28년 후: 뼈의 사원,7500,21565,417,619
2026-03-01,7,너자 2,7249,34848,242,398
2026-03-01,8,햄넷,4346,25816,309,354
2026-03-01,9,넘버원,4180,268787,185,223
2026-03-01,10,귀신 부르는 앱: 영,3921,87706,136,177
2026-02-28,1,왕과 사는 남자,655719,7667180,2165,9758
2026-02-28,2,휴민트,47959,1767510,816,2018
2026-02-28,3,초속 5센티미터,12239,49556,542,949
2026-02-28,4,신의악단,9281,1381202,376,474
2026-02-28,5,너자 2,7981,27599,260,476
2026-02-28,6,28년 후: 뼈의 사원,7664,14065,417,689
2026-02-28,7,슬라이드 스트럼 뮤트,4770,9942,120,166
2026-02-28,8,햄넷,4566,21470,326,407
2026-02-28,9,귀신 부르는 앱: 영,4296,83785,152,202
2026-02-28,10,넘버원,3401,264607,209,267
2026-02-27,1,왕과 사는 남자,278059,7011461,1932,8039
2026-02-27,2,휴민트,22005,1719551,739,2014
2026-02-27,3,초속 5센티미터,9061,37317,518,1015
2026-02-27,4,28년 후: 뼈의 사원,6209,6401,467,807
2026-02-27,5,신의악단,4206,1371921,345,421
2026-02-27,6,너자 2,3638,19618,256,464
2026-02-27,7,넘버원,3395,261206,269,321
2026-02-27,8,엔하이픈 [워크 더 라인 썸머 에디션] 인 시네마,2897,2897,61,117
2026-02-27,9,귀신 부르는 앱: 영,2795,79489,163,220
2026-02-27,10,햄넷,2752,16904,329,420
2026-02-26,1,왕과 사는 남자,204929,6733402,1803,7335
2026-02-26,2,휴민트,21909,1697546,786,2269
2026-02-26,3,초속 5센티미터,9236,28256,515,1143
2026-02-26,4,너자 2,5841,15980,263,565
2026-02-26,5,신의악단,4584,1367715,363,464
2026-02-26,6,넘버원,3929,257811,288,366
2026-02-26,7,귀신 부르는 앱: 영,3460,76694,180,244
2026-02-26,8,슬라이드 스트럼 뮤트,3119,3899,117,126
2026-02-26,9,햄넷,3031,14152,352,457
2026-02-26,10,센티멘탈 밸류,2130,30842,97,107
2026-02-25,1,왕과 사는 남자,309572,6528473,1937,7497
2026-02-25,2,휴민트,37892,1675637,855,2399
2026-02-25,3,초속 5센티미터,17947,19020,568,1257
2026-02-25,4,너자 2,6936,10139,277,584
2026-02-25,5,햄넷,5633,11121,381,495
2026-02-25,6,신의악단,4905,1363131,355,464
2026-02-25,7,넘버원,4103,253882,291,364
2026-02-25,8,귀신 부르는 앱: 영,3747,73234,188,252
2026-02-25,9,센티멘탈 밸류,3558,28712,104,122
2026-02-25,10,아이엠스타!X프리파라 더 무비 -만남의 기적!-,2509,66932,58,77
2026-02-24,1,왕과 사는 남자,194636,6218901,1778,7331
2026-02-24,2,휴민트,26624,1637745,936,3086
2026-02-24,3,넘버원,5091,249779,502,763
2026-02-24,4,신의악단,4914,1358226,416,632
2026-02-24,5,귀신 부르는 앱: 영,4590,69487,181,340
2026-02-24,6,점보,3553,45106,291,321
2026-02-24,7,센티멘탈 밸류,2400,25154,197,225
2026-02-24,8,만약에 우리,2187,2594460,249,341
2026-02-24,9,매드 댄스 오피스,1542,1966,7,8
2026-02-24,10,폭풍의 언덕,1324,57770,170,196
2026-02-23,1,왕과 사는 남자,195470,6024265,1756,7273
2026-02-23,2,휴민트,32115,1611121,921,3101
2026-02-23,3,넘버원,5276,244688,496,762
2026-02-23,4,신의악단,4667,1353312,417,631
2026-02-23,5,귀신 부르는 앱: 영,4474,64897,182,346
2026-02-23,6,점보,2584,41553,281,306
2026-02-23,7,만약에 우리,2328,2592273,257,350
2026-02-23,8,센티멘탈 밸류,1915,22754,179,207
2026-02-23,9,판결,1259,4001,7,7
2026-02-23,10,너자 2,1160,3203,9,9
2026-02-22,1,왕과 사는 남자,568288,5828795,2142,8689
2026-02-22,2,휴민트,88007,1579006,1026,3381
2026-02-22,3,신의악단,18886,1348645,524,752
2026-02-22,4,넘버원,16015,239412,548,792
2026-02-22,5,귀신 부르는 앱: 영,11391,60423,187,346
2026-02-22,6,점보,9807,38969,371,477
2026-02-22,7,만약에 우리,4116,2589945,240,291
2026-02-22,8,센티멘탈 밸류,3541,20839,180,200
2026-02-22,9,모노노케 히메,2234,201079,31,39
2026-02-22,10,"2024.12.03 그날 조작된 내란, 감춰진 진실",2136,207669,149,173
2026-02-21,1,왕과 사는 남자,581160,5260507,2106,9006
2026-02-21,2,휴민트,100054,1490999,1048,3624
2026-02-21,3,넘버원,15757,223397,549,798
2026-02-21,4,신의악단,14064,1329759,508,780
2026-02-21,5,귀신 부르는 앱: 영,12759,49032,178,352
2026-02-21,6,점보,9260,29162,370,479
2026-02-21,7,만약에 우리,5053,2585829,244,302
2026-02-21,8,센티멘탈 밸류,3769,17298,190,209
2026-02-21,9,폭풍의 언덕,2307,53788,155,177
2026-02-21,10,모노노케 히메,2289,198845,33,42
2026-02-20,1,왕과 사는 남자,264713,4679347,1771,7277
2026-02-20,2,휴민트,51305,1390945,1089,3982
2026-02-20,3,넘버원,9033,207640,593,988
2026-02-20,4,귀신 부르는 앱: 영,8195,36273,190,380
2026-02-20,5,신의악단,8017,1315695,457,684
2026-02-20,6,만약에 우리,4384,2580776,304,418
2026-02-20,7,센티멘탈 밸류,3416,13529,192,230
2026-02-20,8,아이엠스타!X프리파라 더 무비 -만남의 기적!-,3408,59158,75,102
2026-02-20,9,점보,3263,19902,312,352
2026-02-20,10,"2024.12.03 그날 조작된 내란, 감춰진 진실",2102,203548,192,251
2026-02-19,1,왕과 사는 남자,239783,4414634,1607,6521
2026-02-19,2,휴민트,54834,1339640,1116,4036
2026-02-19,3,넘버원,10762,198607,574,983
2026-02-19,4,귀신 부르는 앱: 영,9175,28078,189,384
2026-02-19,5,신의악단,8480,1307678,433,629
2026-02-19,6,아이엠스타!X프리파라 더 무비 -만남의 기적!-,5533,55750,71,91
2026-02-19,7,만약에 우리,4486,2576392,292,411
2026-02-19,8,노 머시: 90분,3661,98458,60,70
2026-02-19,9,"2024.12.03 그날 조작된 내란, 감춰진 진실",2969,201446,203,263
2026-02-19,10,센티멘탈 밸류,2546,10113,188,221
2026-02-18,1,왕과 사는 남자,653634,4174851,2017,8045
2026-02-18,2,휴민트,184951,1284806,1188,4360
2026-02-18,3,신의악단,30600,1299198,492,692
2026-02-18,4,넘버원,26301,187845,609,970
2026-02-18,5,귀신 부르는 앱: 영,18263,18903,176,357
2026-02-18,6,점보,12648,14169,355,453
2026-02-18,7,만약에 우리,8477,2571906,288,374
2026-02-18,8,"2024.12.03 그날 조작된 내란, 감춰진 진실",8450,198477,178,214
2026-02-18,9,아이엠스타!X프리파라 더 무비 -만남의 기적!-,7831,50217,74,96
2026-02-18,10,바다 탐험대 옥토넛 어보브 앤 비욘드 : 육지생물 구조작전,4101,21127,195,241
2026-02-17,1,왕과 사는 남자,661439,3521217,2010,8341
2026-02-17,2,휴민트,213403,1099855,1225,4909
2026-02-17,3,신의악단,33635,1268598,462,694
2026-02-17,4,넘버원,21897,161544,605,1062
2026-02-17,5,"2024.12.03 그날 조작된 내란, 감춰진 진실",7197,190027,205,239
2026-02-17,6,만약에 우리,7021,2563429,319,432
2026-02-17,7,폭풍의 언덕,4354,44293,330,411
2026-02-17,8,극장판 엉덩이 탐정: 스타 앤드 문,4237,46280,208,312
2026-02-17,9,노 머시: 90분,2702,93623,131,143
2026-02-17,10,주토피아 2,2570,8604180,94,103
2026-02-16,1,왕과 사는 남자,537175,2859778,1899,7804
2026-02-16,2,휴민트,182655,886452,1290,5280
2026-02-16,3,신의악단,30221,1234963,434,623
2026-02-16,4,넘버원,22493,139647,645,1131
2026-02-16,5,"2024.12.03 그날 조작된 내란, 감춰진 진실",7568,182830,231,286
2026-02-16,6,만약에 우리,7451,2556408,337,471
2026-02-16,7,극장판 엉덩이 탐정: 스타 앤드 문,4503,42043,226,353
2026-02-16,8,폭풍의 언덕,4022,39939,351,444
2026-02-16,9,바다 탐험대 옥토넛 어보브 앤 비욘드 : 육지생물 구조작전,3602,14809,224,298
2026-02-16,10,노 머시: 90분,2913,90921,130,148
2026-02-15,1,왕과 사는 남자,465254,2322603,1836,7248
2026-02-15,2,휴민트,204552,703797,1356,5601
2026-02-15,3,넘버원,26374,117154,652,1325
2026-02-15,4,신의악단,18816,1204742,420,567
2026-02-15,5,만약에 우리,9449,2548957,370,478
2026-02-15,6,"2024.12.03 그날 조작된 내란, 감춰진 진실",6781,175262,249,319
2026-02-15,7,극장판 엉덩이 탐정: 스타 앤드 문,5253,37540,232,353
2026-02-15,8,폭풍의 언덕,4804,35917,360,482
2026-02-15,9,노 머시: 90분,3724,88008,141,161
2026-02-15,10,바다 탐험대 옥토넛 어보브 앤 비욘드 : 육지생물 구조작전,3523,11207,219,297
2026-02-14,1,왕과 사는 남자,357886,1857349,1729,6851
2026-02-14,2,휴민트,194546,499245,1375,5819
2026-02-14,3,넘버원,25550,90780,635,1318
2026-02-14,4,신의악단,17415,1185926,436,602
2026-02-14,5,만약에 우리,10620,2539508,353,469
2026-02-14,6,"2024.12.03 그날 조작된 내란, 감춰진 진실",6702,168481,258,344
2026-02-14,7,폭풍의 언덕,6450,31113,374,513
2026-02-14,8,극장판 엉덩이 탐정: 스타 앤드 문,6012,32287,230,346
2026-02-14,9,바다 탐험대 옥토넛 어보브 앤 비욘드 : 육지생물 구조작전,3618,7684,227,300
2026-02-14,10,노 머시: 90분,3209,84284,158,174
2026-02-13,1,왕과 사는 남자,133573,1499463,1420,5369
2026-02-13,2,휴민트,91891,304699,1405,5809
2026-02-13,3,넘버원,13978,65230,630,1590
2026-02-13,4,신의악단,8978,1168511,418,590
2026-02-13,5,만약에 우리,8177,2528888,376,517
2026-02-13,6,폭풍의 언덕,5885,24663,403,692
2026-02-13,7,"2024.12.03 그날 조작된 내란, 감춰진 진실",5467,161779,317,504
2026-02-13,8,신 에반게리온 극장판,4747,34457,46,71
2026-02-13,9,노 머시: 90분,3047,81075,152,180
2026-02-13,10,아이엠스타!X프리파라 더 무비 -만남의 기적!-,2894,35268,76,108
2026-02-12,1,왕과 사는 남자,83916,1365890,1206,4331
2026-02-12,2,휴민트,81183,212808,1494,6079
2026-02-12,3,넘버원,13932,51252,643,1629
2026-02-12,4,신의악단,8661,1159533,428,613
2026-02-12,5,폭풍의 언덕,6778,18778,423,759
2026-02-12,6,"2024.12.03 그날 조작된 내란, 감춰진 진실",6751,156312,354,549
2026-02-12,7,만약에 우리,6189,2520711,371,529
2026-02-12,8,아이엠스타!X프리파라 더 무비 -만남의 기적!-,3390,32374,83,109
2026-02-12,9,노 머시: 90분,2802,78028,155,188
2026-02-12,10,바다 탐험대 옥토넛 어보브 앤 비욘드 : 육지생물 구조작전,1463,3259,141,169
2026-02-11,1,휴민트,116740,131625,1520,6291
2026-02-11,2,왕과 사는 남자,86924,1281974,1150,4203
2026-02-11,3,넘버원,17231,37320,647,1723
2026-02-11,4,폭풍의 언덕,10479,12000,428,816
2026-02-11,5,신의악단,7920,1150872,426,597
2026-02-11,6,"2024.12.03 그날 조작된 내란, 감춰진 진실",6863,149561,347,559
2026-02-11,7,만약에 우리,6256,2514522,376,536
2026-02-11,8,아이엠스타!X프리파라 더 무비 -만남의 기적!-,6239,28984,95,117
2026-02-11,9,스트레이 키즈 : 더 도미네이트 익스피리언스,2770,16881,39,63
2026-02-11,10,노 머시: 90분,2157,75226,158,189
2026-02-10,1,왕과 사는 남자,95582,1195050,1536,6557
2026-02-10,2,신의악단,13519,1142952,597,1295
2026-02-10,3,만약에 우리,11804,2508266,646,1462
2026-02-10,4,"2024.12.03 그날 조작된 내란, 감춰진 진실",10705,142698,411,793
2026-02-10,5,노 머시: 90분,6689,73069,540,989
2026-02-10,6,아바타: 불과 재,3692,6731026,296,361
2026-02-10,7,하우스메이드,2104,67329,194,232
2026-02-10,8,"오늘 밤, 세계에서 이 사랑이 사라진다 해도",1664,1268560,93,132
2026-02-10,9,주토피아 2,1413,8592191,109,124
2026-02-10,10,시스터,1296,69076,147,168
2026-02-09,1,왕과 사는 남자,98379,1099468,1530,6494
2026-02-09,2,신의악단,13546,1129433,595,1299
2026-02-09,3,만약에 우리,12057,2496462,647,1470
2026-02-09,4,"2024.12.03 그날 조작된 내란, 감춰진 진실",11513,131993,405,785
2026-02-09,5,노 머시: 90분,5531,66380,511,947
2026-02-09,6,아바타: 불과 재,2942,6727334,284,347
2026-02-09,7,넘버원,2001,20089,13,13
2026-02-09,8,시스터,1639,67780,172,197
2026-02-09,9,"오늘 밤, 세계에서 이 사랑이 사라진다 해도",1400,1266896,98,137
2026-02-09,10,하우스메이드,1359,65225,186,216
2026-02-08,1,왕과 사는 남자,308083,1001089,1724,7292
2026-02-08,2,신의악단,50022,1115887,775,1490
2026-02-08,3,만약에 우리,30125,2484405,718,1545
2026-02-08,4,"2024.12.03 그날 조작된 내란, 감춰진 진실",28593,120480,419,760
2026-02-08,5,노 머시: 90분,11996,60849,572,1078
2026-02-08,6,극장판 엉덩이 탐정: 스타 앤드 문,10111,20692,254,479
2026-02-08,7,아바타: 불과 재,8440,6724392,294,359
2026-02-08,8,"신비아파트 10주년 극장판: 한 번 더, 소환",8313,319083,318,372
2026-02-08,9,주토피아 2,5485,8589640,220,249
2026-02-08,10,스트레이 키즈 : 더 도미네이트 익스피리언스,4961,12707,102,172
2026-02-07,1,왕과 사는 남자,327112,693006,1717,7714
2026-02-07,2,신의악단,36204,1065865,731,1550
2026-02-07,3,만약에 우리,33549,2454280,718,1621
2026-02-07,4,"2024.12.03 그날 조작된 내란, 감춰진 진실",30812,91887,403,718
2026-02-07,5,노 머시: 90분,15000,48853,595,1164
2026-02-07,6,극장판 엉덩이 탐정: 스타 앤드 문,10039,10581,247,492
2026-02-07,7,아바타: 불과 재,9541,6715952,312,381
2026-02-07,8,"신비아파트 10주년 극장판: 한 번 더, 소환",7377,310770,309,376
2026-02-07,9,휴민트,5752,10841,20,21
2026-02-07,10,주토피아 2,5258,8584155,223,255
2026-02-06,1,왕과 사는 남자,126625,365894,1653,7152
2026-02-06,2,"2024.12.03 그날 조작된 내란, 감춰진 진실",21207,61075,295,473
2026-02-06,3,만약에 우리,18795,2420731,685,1679
2026-02-06,4,신의악단,17564,1029661,671,1408
2026-02-06,5,노 머시: 90분,9002,33853,573,1318
2026-02-06,6,아바타: 불과 재,4784,6706411,316,391
2026-02-06,7,아이엠스타!X프리파라 더 무비 -만남의 기적!-,3431,14489,108,153
2026-02-06,8,"오늘 밤, 세계에서 이 사랑이 사라진다 해도",1936,1258527,103,152
2026-02-06,9,하우스메이드,1825,60214,218,272
2026-02-06,10,주토피아 2,1731,8578897,133,150
2026-02-05,1,왕과 사는 남자,91731,239269,1612,6723
2026-02-05,2,"2024.12.03 그날 조작된 내란, 감춰진 진실",20036,39868,229,346
2026-02-05,3,신의악단,17621,1012097,623,1312
2026-02-05,4,만약에 우리,15556,2401936,652,1551
2026-02-05,5,노 머시: 90분,7421,24851,565,1353
2026-02-05,6,넘버원,5574,11396,26,26
2026-02-05,7,아이엠스타!X프리파라 더 무비 -만남의 기적!-,3994,11058,115,154
2026-02-05,8,아바타: 불과 재,3160,6701627,294,366
2026-02-05,9,극장판 총집편 걸즈 밴드 크라이 청춘광주곡,2499,14097,72,84
2026-02-05,10,"오늘 밤, 세계에서 이 사랑이 사라진다 해도",1867,1256591,98,149
2026-02-04,1,왕과 사는 남자,117783,147538,1658,6932
2026-02-04,2,만약에 우리,16140,2386380,633,1577
2026-02-04,3,"2024.12.03 그날 조작된 내란, 감춰진 진실",16132,19832,145,229
2026-02-04,4,신의악단,15039,994476,607,1253
2026-02-04,5,노 머시: 90분,10152,17430,538,1413
2026-02-04,6,아이엠스타!X프리파라 더 무비 -만남의 기적!-,7064,7064,118,160
2026-02-04,7,휴민트,4087,5089,16,17
2026-02-04,8,아바타: 불과 재,3142,6698467,304,377
2026-02-04,9,스트레이 키즈 : 더 도미네이트 익스피리언스,3029,3029,103,184
2026-02-04,10,"오늘 밤, 세계에서 이 사랑이 사라진다 해도",1925,1254724,96,145
2026-02-03,1,만약에 우리,23039,2370240,830,2819
2026-02-03,2,신의악단,22713,979437,699,1901
2026-02-03,3,아바타: 불과 재,8043,6695325,558,1044
2026-02-03,4,시스터,7643,57665,538,1061
2026-02-03,5,하우스메이드,4573,55508,491,866
2026-02-03,6,직장상사 길들이기,3676,63443,552,996
2026-02-03,7,넘버원,3516,4218,17,17
2026-02-03,8,주토피아 2,3306,8574245,321,413
2026-02-03,9,프라이메이트,3057,34694,378,544
2026-02-03,10,"오늘 밤, 세계에서 이 사랑이 사라진다 해도",2922,1252799,162,278
2026-02-02,1,만약에 우리,24356,2347201,821,2824
2026-02-02,2,신의악단,22340,956724,668,1864
2026-02-02,3,아바타: 불과 재,7396,6687282,539,1027
2026-02-02,4,시스터,4976,50022,499,996
2026-02-02,5,하우스메이드,4477,50935,478,882
2026-02-02,6,직장상사 길들이기,4116,59767,553,1041
2026-02-02,7,"오늘 밤, 세계에서 이 사랑이 사라진다 해도",2952,1249877,157,277
2026-02-02,8,주토피아 2,2719,8570939,303,385
2026-02-02,9,프라이메이트,2292,31637,374,538
2026-02-02,10,"신비아파트 10주년 극장판: 한 번 더, 소환",2155,296585,282,349
2026-02-01,1,신의악단,65768,934384,893,2139
2026-02-01,2,만약에 우리,63941,2322845,923,3249
2026-02-01,3,아바타: 불과 재,24485,6679886,614,1215
2026-02-01,4,"신비아파트 10주년 극장판: 한 번 더, 소환",16242,294430,515,770
2026-02-01,5,주토피아 2,11991,8568220,487,668
2026-02-01,6,직장상사 길들이기,11250,55651,641,1267
2026-02-01,7,시스터,9640,45046,586,1206
2026-02-01,8,하우스메이드,9199,46458,540,925
2026-02-01,9,"오늘 밤, 세계에서 이 사랑이 사라진다 해도",8325,1246925,167,276
2026-02-01,10,정글비트 2,4359,12813,309,353
2026-01-31,1,만약에 우리,78952,2258904,939,3463
2026-01-31,2,신의악단,58132,868616,806,2210
2026-01-31,3,아바타: 불과 재,29770,6655401,628,1286
2026-01-31,4,직장상사 길들이기,15291,44401,661,1412
2026-01-31,5,"신비아파트 10주년 극장판: 한 번 더, 소환",15180,278188,508,772
2026-01-31,6,주토피아 2,12943,8556229,479,687
2026-01-31,7,하우스메이드,12160,37259,540,1003
2026-01-31,8,시스터,11488,35406,601,1307
2026-01-31,9,천공의 성 라퓨타,8808,91585,174,218
2026-01-31,10,"오늘 밤, 세계에서 이 사랑이 사라진다 해도",7359,1238600,175,282
2026-01-30,1,만약에 우리,36845,2179952,864,3057
2026-01-30,2,신의악단,24438,810484,656,1712
2026-01-30,3,아바타: 불과 재,12419,6625631,591,1132
2026-01-30,4,직장상사 길들이기,7725,29110,614,1423
2026-01-30,5,하우스메이드,7059,25099,529,943
2026-01-30,6,시스터,5735,23918,587,1298
2026-01-30,7,프라이메이트,4862,19178,453,809
2026-01-30,8,주토피아 2,4096,8543286,323,392
2026-01-30,9,"오늘 밤, 세계에서 이 사랑이 사라진다 해도",3463,1231241,163,241
2026-01-30,10,"신비아파트 10주년 극장판: 한 번 더, 소환",3462,263008,330,417
2026-01-29,1,만약에 우리,28847,2143107,817,2807
2026-01-29,2,신의악단,24710,786046,630,1571
2026-01-29,3,아바타: 불과 재,9420,6613212,569,1044
2026-01-29,4,직장상사 길들이기,6419,21385,603,1352
2026-01-29,5,하우스메이드,6330,18040,508,891
2026-01-29,6,시스터,5535,18183,576,1312
2026-01-29,7,프라이메이트,4927,14316,460,830
2026-01-29,8,"오늘 밤, 세계에서 이 사랑이 사라진다 해도",4180,1227778,155,212
2026-01-29,9,주토피아 2,3435,8539190,303,362
2026-01-29,10,"신비아파트 10주년 극장판: 한 번 더, 소환",3306,259546,294,362
2026-01-28,1,만약에 우리,47906,2114260,890,2916
2026-01-28,2,신의악단,29563,761336,684,1590
2026-01-28,3,직장상사 길들이기,13400,14966,654,1547
2026-01-28,4,아바타: 불과 재,13207,6603792,602,1083
2026-01-28,5,시스터,11182,12648,650,1555
2026-01-28,6,하우스메이드,9297,11710,533,915
2026-01-28,7,프라이메이트,7922,9389,502,911
2026-01-28,8,"오늘 밤, 세계에서 이 사랑이 사라진다 해도",6393,1223598,143,178
2026-01-28,9,천공의 성 라퓨타,5748,78381,168,217
2026-01-28,10,극장판 총집편 걸즈 밴드 크라이 청춘광주곡,5344,5846,130,245
2026-01-27,1,만약에 우리,31908,2066354,926,3325
2026-01-27,2,신의악단,24067,731773,678,1766
2026-01-27,3,아바타: 불과 재,12618,6590585,687,1515
2026-01-27,4,프로젝트 Y,7363,116465,656,1660
2026-01-27,5,왕과 사는 남자,5943,15958,29,29
2026-01-27,6,주토피아 2,5821,8531271,470,690
2026-01-27,7,"신비아파트 10주년 극장판: 한 번 더, 소환",4061,252895,449,659
2026-01-27,8,하트맨,3568,235159,456,748
2026-01-27,9,천공의 성 라퓨타,3513,72633,394,579
2026-01-27,10,시라트,2904,28422,185,239
2026-01-26,1,만약에 우리,33426,2034446,917,3302
2026-01-26,2,신의악단,24253,707706,660,1739
2026-01-26,3,아바타: 불과 재,13127,6577967,682,1534
2026-01-26,4,프로젝트 Y,7220,109102,635,1656
2026-01-26,5,주토피아 2,5435,8525450,453,670
2026-01-26,6,"신비아파트 10주년 극장판: 한 번 더, 소환",3685,248834,415,596
2026-01-26,7,천공의 성 라퓨타,3338,69120,386,556
2026-01-26,8,하트맨,3270,231591,451,750
2026-01-26,9,시라트,2583,25518,188,236
2026-01-26,10,이터널 선샤인,2108,573414,95,167
2026-01-25,1,만약에 우리,96261,2001020,1065,3766
2026-01-25,2,신의악단,71119,683453,907,1979
2026-01-25,3,아바타: 불과 재,44828,6564840,754,1731
2026-01-25,4,"신비아파트 10주년 극장판: 한 번 더, 소환",27907,245149,707,1321
2026-01-25,5,프로젝트 Y,21462,101882,774,2080
2026-01-25,6,주토피아 2,20513,8520015,594,907
2026-01-25,7,하트맨,12955,228321,599,962
2026-01-25,8,천공의 성 라퓨타,8268,65782,406,567
2026-01-25,9,고고다이노 극장판: 곤충세계 대모험,5204,33774,214,288
2026-01-25,10,이터널 선샤인,4673,571306,113,165
2026-01-24,1,만약에 우리,108141,1904759,1047,3929
2026-01-24,2,신의악단,57760,612334,811,1989
2026-01-24,3,아바타: 불과 재,50122,6520012,772,1822
2026-01-24,4,"신비아파트 10주년 극장판: 한 번 더, 소환",25729,217242,683,1340
2026-01-24,5,프로젝트 Y,24718,80420,800,2268
2026-01-24,6,주토피아 2,20176,8499502,581,928
2026-01-24,7,하트맨,14353,215366,613,1027
2026-01-24,8,천공의 성 라퓨타,11062,57514,416,608
2026-01-24,9,시라트,5061,18546,195,248
2026-01-24,10,고고다이노 극장판: 곤충세계 대모험,4935,28570,210,297
2026-01-23,1,만약에 우리,49885,1796618,987,3448
2026-01-23,2,신의악단,26432,554574,753,1565
2026-01-23,3,아바타: 불과 재,20690,6469890,715,1694
2026-01-23,4,프로젝트 Y,14716,55702,742,2413
2026-01-23,5,주토피아 2,9073,8479326,486,736
2026-01-23,6,하트맨,6409,201013,550,1011
2026-01-23,7,"신비아파트 10주년 극장판: 한 번 더, 소환",6179,191513,518,816
2026-01-23,8,천공의 성 라퓨타,4841,46452,413,637
2026-01-23,9,에반게리온 신극장판: Q,4555,11533,54,88
2026-01-23,10,시라트,4100,13485,188,247
2026-01-22,1,만약에 우리,39480,1746733,932,3194
2026-01-22,2,신의악단,25198,528142,717,1371
2026-01-22,3,아바타: 불과 재,15860,6449200,717,1574
2026-01-22,4,프로젝트 Y,14435,40986,760,2447
2026-01-22,5,주토피아 2,6811,8470253,451,665
2026-01-22,6,하트맨,6195,194604,534,972
2026-01-22,7,"신비아파트 10주년 극장판: 한 번 더, 소환",5841,185334,511,793
2026-01-22,8,천공의 성 라퓨타,5209,41611,419,661
2026-01-22,9,731,4088,10172,312,448
2026-01-22,10,시라트,3003,9385,191,233
2026-01-21,1,만약에 우리,41618,1707253,886,3171
2026-01-21,2,프로젝트 Y,24398,26551,781,2785
2026-01-21,3,신의악단,18809,502944,618,1194
2026-01-21,4,아바타: 불과 재,16497,6433340,711,1585
2026-01-21,5,천공의 성 라퓨타,14433,36402,431,727
2026-01-21,6,주토피아 2,6749,8463442,449,674
2026-01-21,7,하트맨,6346,188409,539,1021
2026-01-21,8,731,6084,6084,314,492
2026-01-21,9,"신비아파트 10주년 극장판: 한 번 더, 소환",5290,179493,501,791
2026-01-21,10,반지의 제왕 : 왕의 귀환,4569,731630,12,43
2026-01-20,1,만약에 우리,43769,1665635,1006,3581
2026-01-20,2,신의악단,24077,484135,644,1454
2026-01-20,3,아바타: 불과 재,18196,6416843,956,2071
2026-01-20,4,하트맨,12143,182063,675,2016
2026-01-20,5,주토피아 2,8350,8456693,580,1047
2026-01-20,6,"신비아파트 10주년 극장판: 한 번 더, 소환",6960,174203,581,1051
2026-01-20,7,"오늘 밤, 세계에서 이 사랑이 사라진다 해도",3811,843211,368,579
2026-01-20,8,극장판 짱구는 못말려: 초화려! 작열하는 떡잎마을 댄서즈,1542,476133,175,201
2026-01-20,9,보이,1526,12783,122,143
2026-01-20,10,더 퍼스트 슬램덩크,1300,4920836,58,125
2026-01-19,1,만약에 우리,48031,1621866,986,3567
2026-01-19,2,신의악단,24177,460058,605,1373
2026-01-19,3,아바타: 불과 재,19814,6398647,959,2095
2026-01-19,4,하트맨,11729,169920,683,2026
2026-01-19,5,주토피아 2,7820,8448343,575,1075
2026-01-19,6,"신비아파트 10주년 극장판: 한 번 더, 소환",7198,167243,569,1073
2026-01-19,7,"오늘 밤, 세계에서 이 사랑이 사라진다 해도",3717,839400,363,574
2026-01-19,8,슈가,2084,2302,10,10
2026-01-19,9,극장판 짱구는 못말려: 초화려! 작열하는 떡잎마을 댄서즈,1410,474591,167,192
2026-01-19,10,더 퍼스트 슬램덩크,1061,4919536,58,127
2026-01-18,1,만약에 우리,121751,1573835,1084,3878
2026-01-18,2,아바타: 불과 재,66975,6378833,1036,2467
2026-01-18,3,신의악단,49330,435881,740,1406
2026-01-18,4,"신비아파트 10주년 극장판: 한 번 더, 소환",48428,160045,857,1725
2026-01-18,5,하트맨,38886,158191,808,2507
2026-01-18,6,주토피아 2,28204,8440523,735,1333
2026-01-18,7,"오늘 밤, 세계에서 이 사랑이 사라진다 해도",10668,835683,401,618
2026-01-18,8,고고다이노 극장판: 곤충세계 대모험,7574,20811,255,345
2026-01-18,9,극장판 짱구는 못말려: 초화려! 작열하는 떡잎마을 댄서즈,3689,473181,211,230
2026-01-18,10,더 퍼스트 슬램덩크,2487,4918475,58,125
2026-01-17,1,만약에 우리,133179,1452084,1116,4089
2026-01-17,2,아바타: 불과 재,77508,6311858,1048,2584
2026-01-17,3,"신비아파트 10주년 극장판: 한 번 더, 소환",52370,111617,868,1746
2026-01-17,4,하트맨,46295,119305,820,2709
2026-01-17,5,신의악단,45981,386551,734,1450
2026-01-17,6,주토피아 2,30637,8412319,728,1394
2026-01-17,7,"오늘 밤, 세계에서 이 사랑이 사라진다 해도",11103,825015,407,647
2026-01-17,8,고고다이노 극장판: 곤충세계 대모험,6976,13237,240,343
2026-01-17,9,극장판 짱구는 못말려: 초화려! 작열하는 떡잎마을 댄서즈,3960,469492,213,238
2026-01-17,10,더 퍼스트 슬램덩크,2741,4915988,57,133
2026-01-16,1,만약에 우리,61474,1318905,1026,3650
2026-01-16,2,아바타: 불과 재,32556,6234350,1044,2448
2026-01-16,3,하트맨,22013,73010,814,2700
2026-01-16,4,신의악단,19528,340570,615,1207
2026-01-16,5,주토피아 2,14118,8381682,664,1204
2026-01-16,6,"신비아파트 10주년 극장판: 한 번 더, 소환",13466,59247,721,1205
2026-01-16,7,"오늘 밤, 세계에서 이 사랑이 사라진다 해도",6030,813912,405,619
2026-01-16,8,더 퍼스트 슬램덩크,2049,4913247,57,137
2026-01-16,9,보이,1990,8341,134,167
2026-01-16,10,극장판 짱구는 못말려: 초화려! 작열하는 떡잎마을 댄서즈,1724,465532,186,205
2026-01-15,1,만약에 우리,49896,1257431,984,3381
2026-01-15,2,아바타: 불과 재,25551,6201794,1047,2324
2026-01-15,3,하트맨,17810,50997,809,2641
2026-01-15,4,신의악단,15898,321042,579,1060
2026-01-15,5,"신비아파트 10주년 극장판: 한 번 더, 소환",14546,45781,709,1147
2026-01-15,6,주토피아 2,11767,8367564,625,1166
2026-01-15,7,"오늘 밤, 세계에서 이 사랑이 사라진다 해도",5237,807882,384,575
2026-01-15,8,더 퍼스트 슬램덩크,2331,4911198,57,138
2026-01-15,9,보이,2185,6351,144,182
2026-01-15,10,극장판 짱구는 못말려: 초화려! 작열하는 떡잎마을 댄서즈,1894,463808,189,206
2026-01-14,1,만약에 우리,52687,1207535,964,3425
2026-01-14,2,아바타: 불과 재,28380,6176243,1064,2391
2026-01-14,3,하트맨,26685,33187,839,2941
2026-01-14,4,"신비아파트 10주년 극장판: 한 번 더, 소환",23430,31235,597,1033
2026-01-14,5,신의악단,12554,305144,524,970
2026-01-14,6,주토피아 2,12275,8355797,647,1199
2026-01-14,7,"오늘 밤, 세계에서 이 사랑이 사라진다 해도",5605,802645,379,575
2026-01-14,8,더 퍼스트 슬램덩크,5290,4908867,57,147
2026-01-14,9,끝이 없는 스칼렛,3762,3762,165,322
2026-01-14,10,보이,2765,4166,145,193
2026-01-13,1,만약에 우리,53830,1154848,968,3476
2026-01-13,2,아바타: 불과 재,32821,6147863,1327,3298
2026-01-13,3,신의악단,16048,292590,567,1102
2026-01-13,4,주토피아 2,14879,8343522,682,1738
2026-01-13,5,"오늘 밤, 세계에서 이 사랑이 사라진다 해도",8974,797040,585,1067
2026-01-13,6,극장판 짱구는 못말려: 초화려! 작열하는 떡잎마을 댄서즈,3629,459930,364,441
2026-01-13,7,굿 포츈,1873,24026,274,354
2026-01-13,8,피렌체,1770,17124,175,203
2026-01-13,9,뽀로로 극장판 스위트캐슬 대모험,1414,249736,95,99
2026-01-13,10,스폰지밥 무비: 네모바지를 찾아서,1374,81767,187,199
2026-01-12,1,만약에 우리,54601,1101018,944,3459
2026-01-12,2,아바타: 불과 재,35410,6115042,1301,3319
2026-01-12,3,신의악단,16112,276542,547,1086
2026-01-12,4,주토피아 2,14719,8328643,664,1765
2026-01-12,5,"오늘 밤, 세계에서 이 사랑이 사라진다 해도",8772,788066,562,1029
2026-01-12,6,극장판 짱구는 못말려: 초화려! 작열하는 떡잎마을 댄서즈,3538,456301,346,424
2026-01-12,7,굿 포츈,1543,22153,254,310
2026-01-12,8,피렌체,1158,15354,162,179
2026-01-12,9,파더 마더 시스터 브라더,1149,27131,89,93
2026-01-12,10,시스터,1071,1071,4,5
2026-01-11,1,만약에 우리,133310,1046417,1107,3783
2026-01-11,2,아바타: 불과 재,122869,6079632,1453,4052
2026-01-11,3,주토피아 2,51881,8313924,819,2218
2026-01-11,4,신의악단,38268,260430,631,1088
2026-01-11,5,"오늘 밤, 세계에서 이 사랑이 사라진다 해도",24849,779294,620,1085
2026-01-11,6,극장판 짱구는 못말려: 초화려! 작열하는 떡잎마을 댄서즈,11379,452763,434,545
2026-01-11,7,스폰지밥 무비: 네모바지를 찾아서,4461,79362,316,340
2026-01-11,8,스노우 폭스 : 마법의 돌을 찾아서,3504,7145,177,232
2026-01-11,9,굿 포츈,2764,20610,317,395
2026-01-11,10,뽀로로 극장판 스위트캐슬 대모험,2680,247845,163,173
2026-01-10,1,아바타: 불과 재,135341,5956763,1486,4307
2026-01-10,2,만약에 우리,134301,913107,1102,3887
2026-01-10,3,주토피아 2,56076,8262043,828,2335
2026-01-10,4,신의악단,34696,222162,613,1075
2026-01-10,5,"오늘 밤, 세계에서 이 사랑이 사라진다 해도",24595,754445,611,1100
2026-01-10,6,극장판 짱구는 못말려: 초화려! 작열하는 떡잎마을 댄서즈,10840,441384,434,550
2026-01-10,7,스폰지밥 무비: 네모바지를 찾아서,4446,74901,321,362
2026-01-10,8,스노우 폭스 : 마법의 돌을 찾아서,3605,3641,180,242
2026-01-10,9,굿 포츈,3352,17846,331,434
2026-01-10,10,하트맨,2605,4036,16,18
2026-01-09,1,만약에 우리,72659,778806,1043,3332
2026-01-09,2,아바타: 불과 재,58050,5821422,1511,4147
2026-01-09,3,주토피아 2,25685,8205967,801,2110
2026-01-09,4,신의악단,16892,187466,572,963
2026-01-09,5,"오늘 밤, 세계에서 이 사랑이 사라진다 해도",16298,729850,658,1211
2026-01-09,6,극장판 짱구는 못말려: 초화려! 작열하는 떡잎마을 댄서즈,5650,430544,421,523
2026-01-09,7,굿 포츈,3700,14494,371,498
2026-01-09,8,피렌체,2216,9691,173,202
2026-01-09,9,스폰지밥 무비: 네모바지를 찾아서,2213,70455,274,301
2026-01-09,10,파더 마더 시스터 브라더,1859,22603,84,90
2026-01-08,1,만약에 우리,58278,706147,981,2910
2026-01-08,2,아바타: 불과 재,47530,5763372,1507,3963
2026-01-08,3,주토피아 2,22400,8180282,778,2057
2026-01-08,4,신의악단,15293,170574,508,852
2026-01-08,5,"오늘 밤, 세계에서 이 사랑이 사라진다 해도",13825,713552,641,1170
2026-01-08,6,극장판 짱구는 못말려: 초화려! 작열하는 떡잎마을 댄서즈,5704,424894,424,520
2026-01-08,7,굿 포츈,4322,10794,380,521
2026-01-08,8,파더 마더 시스터 브라더,2510,20744,95,99
2026-01-08,9,피렌체,2158,7475,179,213
2026-01-08,10,프로젝트 Y,2153,2153,9,9
2026-01-07,1,만약에 우리,54918,647869,925,2759
2026-01-07,2,아바타: 불과 재,46668,5715842,1518,3997
2026-01-07,3,주토피아 2,22565,8157882,788,2070
2026-01-07,4,"오늘 밤, 세계에서 이 사랑이 사라진다 해도",13453,699727,632,1161
2026-01-07,5,신의악단,11929,155281,507,819
2026-01-07,6,굿 포츈,6072,6472,353,496
2026-01-07,7,극장판 짱구는 못말려: 초화려! 작열하는 떡잎마을 댄서즈,5146,419190,400,491
2026-01-07,8,피렌체,3304,5317,198,239
2026-01-07,9,마이 선샤인,3012,4084,244,312
2026-01-07,10,파더 마더 시스터 브라더,2917,18234,95,101
2026-01-06,1,아바타: 불과 재,52067,5669174,1595,4380
2026-01-06,2,만약에 우리,51980,592951,856,2584
2026-01-06,3,주토피아 2,22717,8135317,801,2207
2026-01-06,4,신의악단,14880,143352,522,800
2026-01-06,5,"오늘 밤, 세계에서 이 사랑이 사라진다 해도",14325,686274,680,1338
2026-01-06,6,극장판 짱구는 못말려: 초화려! 작열하는 떡잎마을 댄서즈,5792,414044,445,585
2026-01-06,7,송 썽 블루,2632,7199,15,15
2026-01-06,8,스폰지밥 무비: 네모바지를 찾아서,2439,64450,348,405
2026-01-06,9,뽀로로 극장판 스위트캐슬 대모험,1900,237584,175,180
2026-01-06,10,화양연화 특별판,1857,30151,157,175
2026-01-05,1,아바타: 불과 재,58948,5617107,1588,4409
2026-01-05,2,만약에 우리,47857,540971,826,2522
2026-01-05,3,주토피아 2,23959,8112600,786,2250
2026-01-05,4,"오늘 밤, 세계에서 이 사랑이 사라진다 해도",14558,671949,674,1353
2026-01-05,5,신의악단,13325,128472,499,757
2026-01-05,6,극장판 짱구는 못말려: 초화려! 작열하는 떡잎마을 댄서즈,5216,408252,440,581
2026-01-05,7,송 썽 블루,4567,4567,19,19
2026-01-05,8,스폰지밥 무비: 네모바지를 찾아서,2451,62011,355,405
2026-01-05,9,뽀로로 극장판 스위트캐슬 대모험,1728,235684,168,177
2026-01-05,10,화양연화 특별판,1720,28294,155,173
2026-01-04,1,아바타: 불과 재,201728,5558159,1733,5189
2026-01-04,2,만약에 우리,98665,493114,918,2654
2026-01-04,3,주토피아 2,81230,8088641,950,2760
2026-01-04,4,"오늘 밤, 세계에서 이 사랑이 사라진다 해도",43686,657391,732,1414
2026-01-04,5,신의악단,21817,115147,500,728
2026-01-04,6,극장판 짱구는 못말려: 초화려! 작열하는 떡잎마을 댄서즈,18578,403036,540,734
2026-01-04,7,스폰지밥 무비: 네모바지를 찾아서,11913,59560,493,606
2026-01-04,8,뽀로로 극장판 스위트캐슬 대모험,4325,233956,221,238
2026-01-04,9,톰과 제리: 황금나침반 대소동,4197,26491,338,375
2026-01-04,10,화양연화 특별판,3000,26574,160,176
2026-01-03,1,아바타: 불과 재,260785,5356431,1761,5503
2026-01-03,2,만약에 우리,100809,394449,913,2723
2026-01-03,3,주토피아 2,98413,8007411,964,2892
2026-01-03,4,"오늘 밤, 세계에서 이 사랑이 사라진다 해도",42443,613705,741,1449
2026-01-03,5,신의악단,23232,93330,498,721
2026-01-03,6,극장판 짱구는 못말려: 초화려! 작열하는 떡잎마을 댄서즈,20177,384458,536,749
2026-01-03,7,스폰지밥 무비: 네모바지를 찾아서,12958,47647,497,611
2026-01-03,8,톰과 제리: 황금나침반 대소동,5102,22294,350,397
2026-01-03,9,뽀로로 극장판 스위트캐슬 대모험,4509,229631,212,230
2026-01-03,10,화양연화 특별판,4153,23574,171,198
2026-01-02,1,아바타: 불과 재,168103,5095646,1715,5316
2026-01-02,2,주토피아 2,65880,7908998,920,2696
2026-01-02,3,만약에 우리,64445,293640,880,2659
2026-01-02,4,"오늘 밤, 세계에서 이 사랑이 사라진다 해도",28817,571262,734,1492
2026-01-02,5,신의악단,15711,70098,477,731
2026-01-02,6,극장판 짱구는 못말려: 초화려! 작열하는 떡잎마을 댄서즈,11978,364281,537,724
2026-01-02,7,스폰지밥 무비: 네모바지를 찾아서,7121,34689,459,556
2026-01-02,8,에반게리온 신극장판: 파,3764,11784,40,50
2026-01-02,9,톰과 제리: 황금나침반 대소동,3733,17192,349,399
2026-01-02,10,뽀로로 극장판 스위트캐슬 대모험,3511,225122,189,203
2026-01-01,1,아바타: 불과 재,358005,4927543,1752,5425
2026-01-01,2,주토피아 2,137413,7843118,986,2876
2026-01-01,3,만약에 우리,100059,229195,893,2589
2026-01-01,4,"오늘 밤, 세계에서 이 사랑이 사라진다 해도",53427,542445,743,1469
2026-01-01,5,신의악단,29755,54387,464,699
2026-01-01,6,스폰지밥 무비: 네모바지를 찾아서,25204,27568,505,642
2026-01-01,7,극장판 짱구는 못말려: 초화려! 작열하는 떡잎마을 댄서즈,24913,352303,545,782
2026-01-01,8,톰과 제리: 황금나침반 대소동,13003,13459,406,484
2026-01-01,9,뽀로로 극장판 스위트캐슬 대모험,5608,221611,197,212
2026-01-01,10,화양연화 특별판,5002,16281,157,172
2025-12-31,1,아바타: 불과 재,255811,4569538,1857,5445
2025-12-31,2,만약에 우리,110325,129136,961,2734
2025-12-31,3,주토피아 2,101823,7705705,1001,2839
2025-12-31,4,"오늘 밤, 세계에서 이 사랑이 사라진다 해도",53323,489018,781,1622
2025-12-31,5,신의악단,20222,24632,496,811
2025-12-31,6,극장판 짱구는 못말려: 초화려! 작열하는 떡잎마을 댄서즈,18979,327390,583,907
2025-12-31,7,화양연화 특별판,9292,11279,174,197
2025-12-31,8,뽀로로 극장판 스위트캐슬 대모험,4807,216003,199,215
2025-12-31,9,누벨바그,4051,4597,141,222
2025-12-31,10,파더 마더 시스터 브라더,3216,5344,63,68
2025-12-30,1,아바타: 불과 재,138613,4313727,1897,5732
2025-12-30,2,주토피아 2,64173,7603882,1061,3566
2025-12-30,3,"오늘 밤, 세계에서 이 사랑이 사라진다 해도",36791,435695,808,2047
2025-12-30,4,극장판 짱구는 못말려: 초화려! 작열하는 떡잎마을 댄서즈,15488,308411,672,1446
2025-12-30,5,뽀로로 극장판 스위트캐슬 대모험,5923,211196,322,366
2025-12-30,6,윗집 사람들,2513,545602,155,212
2025-12-30,7,척의 일생,1870,17436,154,173
2025-12-30,8,위키드: 포 굿,1604,964710,51,62
2025-12-30,9,코드: G 주목의 시작,1449,7888,36,56
2025-12-30,10,극장판 주술회전: 시부야사변 X 사멸회유,1335,357540,76,84
2025-12-29,1,아바타: 불과 재,138756,4175114,1875,5663
2025-12-29,2,주토피아 2,59887,7539709,1046,3523
2025-12-29,3,"오늘 밤, 세계에서 이 사랑이 사라진다 해도",33497,398904,772,2010
2025-12-29,4,극장판 짱구는 못말려: 초화려! 작열하는 떡잎마을 댄서즈,15156,292923,649,1442
2025-12-29,5,뽀로로 극장판 스위트캐슬 대모험,5870,205273,304,352
2025-12-29,6,윗집 사람들,2284,543089,155,202
2025-12-29,7,척의 일생,1476,15566,142,161
2025-12-29,8,위키드: 포 굿,1308,963106,51,62
2025-12-29,9,국보,1110,191245,28,37
2025-12-29,10,신의악단,1005,4240,5,5
2025-12-28,1,아바타: 불과 재,364963,4036358,1976,6201
2025-12-28,2,주토피아 2,159436,7479822,1210,4249
2025-12-28,3,"오늘 밤, 세계에서 이 사랑이 사라진다 해도",67808,365407,864,1937
2025-12-28,4,극장판 짱구는 못말려: 초화려! 작열하는 떡잎마을 댄서즈,42636,277767,751,1674
2025-12-28,5,뽀로로 극장판 스위트캐슬 대모험,8589,199403,394,462
2025-12-28,6,만약에 우리,3138,18811,10,14
2025-12-28,7,윗집 사람들,2900,540805,125,154
2025-12-28,8,척의 일생,2051,14090,149,168
2025-12-28,9,프레디의 피자가게 2,1983,230625,68,81
2025-12-28,10,코드: G 주목의 시작,1948,5637,39,67
2025-12-27,1,아바타: 불과 재,416651,3671395,2001,6478
2025-12-27,2,주토피아 2,182036,7320386,1237,4424
2025-12-27,3,"오늘 밤, 세계에서 이 사랑이 사라진다 해도",69417,297599,868,1958
2025-12-27,4,극장판 짱구는 못말려: 초화려! 작열하는 떡잎마을 댄서즈,47037,235131,749,1715
2025-12-27,5,뽀로로 극장판 스위트캐슬 대모험,9179,190814,403,478
2025-12-27,6,윗집 사람들,3239,537905,128,163
2025-12-27,7,코드: G 주목의 시작,2888,3689,39,69
2025-12-27,8,프레디의 피자가게 2,2269,228642,66,82
2025-12-27,9,척의 일생,1943,12039,145,167
2025-12-27,10,극장판 주술회전: 시부야사변 X 사멸회유,1901,353368,63,65
2025-12-26,1,아바타: 불과 재,271858,3254744,2034,6322
2025-12-26,2,주토피아 2,108312,7138350,1235,4139
2025-12-26,3,"오늘 밤, 세계에서 이 사랑이 사라진다 해도",46119,228182,818,1936
2025-12-26,4,극장판 짱구는 못말려: 초화려! 작열하는 떡잎마을 댄서즈,24797,188094,740,1612
2025-12-26,5,뽀로로 극장판 스위트캐슬 대모험,5373,181635,349,396
2025-12-26,6,윗집 사람들,3389,534666,157,198
2025-12-26,7,후지모토 타츠키 17-26 파트 1,2436,14867,114,162
2025-12-26,8,후지모토 타츠키 17-26 파트 2,2423,14862,102,155
2025-12-26,9,척의 일생,2410,10096,158,181
2025-12-26,10,위키드: 포 굿,1481,958535,42,47
2025-12-25,1,아바타: 불과 재,640291,2982886,1998,6384
2025-12-25,2,주토피아 2,431302,7030038,1356,5050
2025-12-25,3,"오늘 밤, 세계에서 이 사랑이 사라진다 해도",115268,182063,794,1714
2025-12-25,4,극장판 짱구는 못말려: 초화려! 작열하는 떡잎마을 댄서즈,113600,163297,735,1774
2025-12-25,5,뽀로로 극장판 스위트캐슬 대모험,28011,176262,469,595
2025-12-25,6,윗집 사람들,6276,531277,156,194
2025-12-25,7,프레디의 피자가게 2,4467,224914,67,88
2025-12-25,8,만약에 우리,3255,15673,24,26
2025-12-25,9,위키드: 포 굿,2616,957054,38,44
2025-12-25,10,척의 일생,2559,7686,143,160
2025-12-24,1,아바타: 불과 재,299139,2342595,2050,6465
2025-12-24,2,주토피아 2,131302,6598736,1265,4336
2025-12-24,3,"오늘 밤, 세계에서 이 사랑이 사라진다 해도",63918,66795,755,1855
2025-12-24,4,극장판 짱구는 못말려: 초화려! 작열하는 떡잎마을 댄서즈,39535,49697,747,1652
2025-12-24,5,윗집 사람들,5806,525001,194,244
2025-12-24,6,뽀로로 극장판 스위트캐슬 대모험,4552,148251,256,282
2025-12-24,7,척의 일생,3524,5127,167,193
2025-12-24,8,위키드: 포 굿,2419,954438,47,56
2025-12-24,9,만약에 우리,2293,12418,30,30
2025-12-24,10,극장판 체인소 맨: 레제편,2047,3426514,40,43
2025-12-23,1,아바타: 불과 재,145797,2043456,2280,6935
2025-12-23,2,주토피아 2,66369,6467434,1181,3716
2025-12-23,3,윗집 사람들,7687,519195,513,885
2025-12-23,4,뽀로로 극장판 스위트캐슬 대모험,4109,143699,249,281
2025-12-23,5,극장판 주술회전: 시부야사변 X 사멸회유,3128,346303,234,276
2025-12-23,6,정보원,2343,164664,50,55
2025-12-23,7,프레디의 피자가게 2,2015,219487,165,222
2025-12-23,8,위키드: 포 굿,1877,952019,90,106
2025-12-23,9,극장판 체인소 맨: 레제편,1644,3424467,55,63
2025-12-23,10,국보,1302,182970,48,53
2025-12-22,1,아바타: 불과 재,152241,1897659,2249,6922
2025-12-22,2,주토피아 2,66988,6401065,1163,3729
2025-12-22,3,윗집 사람들,7423,511508,506,877
2025-12-22,4,극장판 주술회전: 시부야사변 X 사멸회유,2830,343175,237,277
2025-12-22,5,뽀로로 극장판 스위트캐슬 대모험,2780,139590,256,281
2025-12-22,6,만약에 우리,2697,10125,12,12
2025-12-22,7,"오늘 밤, 세계에서 이 사랑이 사라진다 해도",2588,2877,12,13
2025-12-22,8,위키드: 포 굿,2212,950142,88,105
2025-12-22,9,프레디의 피자가게 2,2014,217472,159,208
2025-12-22,10,여행과 나날,1535,38611,70,87
2025-12-21,1,아바타: 불과 재,505234,1745418,2369,7723
2025-12-21,2,주토피아 2,246819,6334077,1304,4481
2025-12-21,3,뽀로로 극장판 스위트캐슬 대모험,19227,136810,600,802
2025-12-21,4,윗집 사람들,12296,504085,464,656
2025-12-21,5,극장판 주술회전: 시부야사변 X 사멸회유,8229,340345,208,242
2025-12-21,6,프레디의 피자가게 2,7770,215458,160,209
2025-12-21,7,극장판 짱구는 못말려: 초화려! 작열하는 떡잎마을 댄서즈,4802,10162,68,69
2025-12-21,8,여행과 나날,2203,37076,76,87
2025-12-21,9,위키드: 포 굿,2178,947930,56,64
2025-12-21,10,국보,1735,180616,42,43
2025-12-20,1,아바타: 불과 재,548560,1240184,2385,8029
2025-12-20,2,주토피아 2,258091,6087258,1332,4597
2025-12-20,3,뽀로로 극장판 스위트캐슬 대모험,19257,117583,598,820
2025-12-20,4,윗집 사람들,14902,491789,454,677
2025-12-20,5,프레디의 피자가게 2,7812,207688,158,203
2025-12-20,6,극장판 주술회전: 시부야사변 X 사멸회유,6910,332116,202,233
2025-12-20,7,극장판 짱구는 못말려: 초화려! 작열하는 떡잎마을 댄서즈,5360,5360,76,76
2025-12-20,8,여행과 나날,2884,34873,76,90
2025-12-20,9,위키드: 포 굿,2600,945752,57,69
2025-12-20,10,국보,1590,178881,42,44
2025-12-19,1,아바타: 불과 재,246179,691624,2514,8034
2025-12-19,2,주토피아 2,115388,5829167,1181,3411
2025-12-19,3,윗집 사람들,11902,476887,548,905
2025-12-19,4,극장판 주술회전: 시부야사변 X 사멸회유,4206,325206,248,288
2025-12-19,5,프레디의 피자가게 2,3598,199876,143,188
2025-12-19,6,뽀로로 극장판 스위트캐슬 대모험,3366,98326,272,290
2025-12-19,7,위키드: 포 굿,2547,943152,77,91
2025-12-19,8,여행과 나날,1994,31989,78,93
2025-12-19,9,정보원,1830,160812,61,67
2025-12-19,10,나우 유 씨 미 3,1807,1367031,35,39
2025-12-18,1,아바타: 불과 재,179034,445445,2535,7819
2025-12-18,2,주토피아 2,82280,5713779,1124,3063
2025-12-18,3,윗집 사람들,10016,464985,527,857
2025-12-18,4,만약에 우리,3438,7428,14,17
2025-12-18,5,극장판 주술회전: 시부야사변 X 사멸회유,3224,321000,241,287
2025-12-18,6,뽀로로 극장판 스위트캐슬 대모험,3034,94960,260,270
2025-12-18,7,정보원,2723,158982,59,64
2025-12-18,8,프레디의 피자가게 2,2511,196278,127,157
2025-12-18,9,여행과 나날,2207,29995,79,93
2025-12-18,10,위키드: 포 굿,1656,940605,71,78
2025-12-17,1,아바타: 불과 재,265031,266411,2582,8143
2025-12-17,2,주토피아 2,85554,5631499,1084,2909
2025-12-17,3,윗집 사람들,9154,454969,501,834
2025-12-17,4,극장판 주술회전: 시부야사변 X 사멸회유,4044,317776,244,275
2025-12-17,5,뽀로로 극장판 스위트캐슬 대모험,3303,91926,260,277
2025-12-17,6,룩백,2518,322586,25,28
2025-12-17,7,여행과 나날,2462,27788,74,89
2025-12-17,8,정보원,2448,156259,56,66
2025-12-17,9,프레디의 피자가게 2,2414,193767,121,149
2025-12-17,10,위키드: 포 굿,1507,938949,69,73
2025-12-16,1,주토피아 2,93113,5545945,1735,6653
2025-12-16,2,윗집 사람들,17583,445815,713,1964
2025-12-16,3,극장판 주술회전: 시부야사변 X 사멸회유,7166,313732,549,1001
2025-12-16,4,프레디의 피자가게 2,6541,191353,409,639
2025-12-16,5,위키드: 포 굿,4968,937442,361,480
2025-12-16,6,정보원,4157,153811,352,438
2025-12-16,7,뽀로로 극장판 스위트캐슬 대모험,3633,88623,365,463
2025-12-16,8,만약에 우리,2907,3990,19,19
2025-12-16,9,나우 유 씨 미 3,2667,1362954,246,291
2025-12-16,10,여행과 나날,2508,25326,141,181
2025-12-15,1,주토피아 2,81923,5452832,1679,6576
2025-12-15,2,윗집 사람들,19175,428232,687,1948
2025-12-15,3,극장판 주술회전: 시부야사변 X 사멸회유,6528,306566,541,998
2025-12-15,4,프레디의 피자가게 2,6159,184812,389,637
2025-12-15,5,위키드: 포 굿,5252,932474,355,461
2025-12-15,6,정보원,3333,149654,339,453
2025-12-15,7,나우 유 씨 미 3,3161,1360287,249,283
2025-12-15,8,더 러닝 맨,3002,34000,454,690
2025-12-15,9,뽀로로 극장판 스위트캐슬 대모험,2996,84990,355,442
2025-12-15,10,국보,2734,171507,186,217
2025-12-14,1,주토피아 2,398897,5370909,2108,9102
2025-12-14,2,윗집 사람들,53649,409057,763,1934
2025-12-14,3,뽀로로 극장판 스위트캐슬 대모험,35748,81994,653,1350
2025-12-14,4,프레디의 피자가게 2,26412,178653,472,751
2025-12-14,5,극장판 주술회전: 시부야사변 X 사멸회유,21033,300038,628,1141
2025-12-14,6,위키드: 포 굿,11490,927222,332,426
2025-12-14,7,더 러닝 맨,5213,30998,518,725
2025-12-14,8,국보,4278,168773,136,149
2025-12-14,9,정보원,4146,146321,310,398
2025-12-14,10,여행과 나날,4014,20619,148,179
2025-12-13,1,주토피아 2,427384,4972012,2114,9545
2025-12-13,2,윗집 사람들,57753,355408,768,2018
2025-12-13,3,뽀로로 극장판 스위트캐슬 대모험,32811,46246,660,1368
2025-12-13,4,프레디의 피자가게 2,28416,152241,463,765
2025-12-13,5,극장판 주술회전: 시부야사변 X 사멸회유,24141,279005,635,1194
2025-12-13,6,위키드: 포 굿,12899,915732,335,440
2025-12-13,7,더 러닝 맨,6490,25785,544,785
2025-12-13,8,여행과 나날,4671,16605,154,185
2025-12-13,9,극장판 체인소 맨: 레제편,4347,3409895,180,205
2025-12-13,10,나우 유 씨 미 3,4104,1353668,210,234
2025-12-12,1,주토피아 2,180122,4544628,1800,7357
2025-12-12,2,윗집 사람들,28952,297655,737,1999
2025-12-12,3,극장판 주술회전: 시부야사변 X 사멸회유,14080,254864,622,1306
2025-12-12,4,프레디의 피자가게 2,11451,123825,430,647
2025-12-12,5,위키드: 포 굿,8616,902833,378,509
2025-12-12,6,뽀로로 극장판 스위트캐슬 대모험,5870,13435,465,637
2025-12-12,7,정보원,5800,138123,441,607
2025-12-12,8,더 러닝 맨,5242,19295,536,1015
2025-12-12,9,나우 유 씨 미 3,4436,1349564,291,343
2025-12-12,10,블루 아카이브 : 디 오케스트라 인 시네마,3774,3924,47,62
2025-12-11,1,주토피아 2,108697,4364506,1691,6686
2025-12-11,2,윗집 사람들,21230,268703,709,1836
2025-12-11,3,극장판 주술회전: 시부야사변 X 사멸회유,9226,240784,599,1223
2025-12-11,4,정보원,6659,132323,470,640
2025-12-11,5,프레디의 피자가게 2,6574,112374,396,560
2025-12-11,6,뽀로로 극장판 스위트캐슬 대모험,6510,7565,439,631
2025-12-11,7,위키드: 포 굿,5759,894217,359,470
2025-12-11,8,더 러닝 맨,5590,14053,547,1064
2025-12-11,9,나우 유 씨 미 3,3659,1345128,281,346
2025-12-11,10,국보,3150,156820,194,213
2025-12-10,1,주토피아 2,131348,4255809,1748,6888
2025-12-10,2,윗집 사람들,20869,247473,688,1840
2025-12-10,3,극장판 주술회전: 시부야사변 X 사멸회유,11782,231558,629,1337
2025-12-10,4,프레디의 피자가게 2,7665,105800,383,562
2025-12-10,5,정보원,7480,125664,495,747
2025-12-10,6,더 러닝 맨,7260,8463,557,1224
2025-12-10,7,위키드: 포 굿,5710,888458,367,494
2025-12-10,8,나우 유 씨 미 3,5428,1341469,308,380
2025-12-10,9,룩백,4093,313985,43,74
2025-12-10,10,여행과 나날,3786,5525,136,163
2025-12-09,1,주토피아 2,96276,4124461,1709,6645
2025-12-09,2,윗집 사람들,20555,226604,717,1793
2025-12-09,3,정보원,9874,118184,651,1206
2025-12-09,4,극장판 주술회전: 시부야사변 X 사멸회유,9635,219776,657,1486
2025-12-09,5,프레디의 피자가게 2,6368,98135,483,792
2025-12-09,6,위키드: 포 굿,5525,882748,462,659
2025-12-09,7,나우 유 씨 미 3,5106,1336041,411,567
2025-12-09,8,국보,3623,150340,245,268
2025-12-09,9,극장판 체인소 맨: 레제편,2770,3398791,216,250
2025-12-09,10,콘크리트 마켓,2008,21784,169,238
2025-12-08,1,주토피아 2,96969,4028185,1699,6705
2025-12-08,2,윗집 사람들,20548,206049,681,1745
2025-12-08,3,극장판 주술회전: 시부야사변 X 사멸회유,10661,210141,644,1510
2025-12-08,4,정보원,7046,108310,627,1195
2025-12-08,5,위키드: 포 굿,6131,877223,485,692
2025-12-08,6,프레디의 피자가게 2,5633,91767,481,792
2025-12-08,7,나우 유 씨 미 3,4224,1330935,417,585
2025-12-08,8,국보,2763,146717,234,262
2025-12-08,9,극장판 체인소 맨: 레제편,2601,3396021,207,241
2025-12-08,10,세계의 주인,1269,166061,109,135
2025-12-07,1,주토피아 2,499205,3931216,2240,9920
2025-12-07,2,윗집 사람들,50746,185501,730,1527
2025-12-07,3,극장판 주술회전: 시부야사변 X 사멸회유,42744,199480,728,1705
2025-12-07,4,프레디의 피자가게 2,24544,86134,523,857
2025-12-07,5,위키드: 포 굿,18501,871092,458,645
2025-12-07,6,정보원,16719,101264,651,1164
2025-12-07,7,나우 유 씨 미 3,9576,1326711,387,521
2025-12-07,8,극장판 체인소 맨: 레제편,6144,3393420,221,251
2025-12-07,9,국보,4577,143954,164,178
2025-12-07,10,콘크리트 마켓,3470,19039,191,253
2025-12-06,1,주토피아 2,563535,3432011,2282,10308
2025-12-06,2,극장판 주술회전: 시부야사변 X 사멸회유,53205,156736,756,1781
2025-12-06,3,윗집 사람들,50178,134755,732,1520
2025-12-06,4,프레디의 피자가게 2,28847,61590,541,900
2025-12-06,5,위키드: 포 굿,21419,852591,472,678
2025-12-06,6,정보원,19780,84545,670,1229
2025-12-06,7,극장판 체인소 맨: 레제편,14485,3387276,234,272
2025-12-06,8,나우 유 씨 미 3,11481,1317135,405,554
2025-12-06,9,콘크리트 마켓,5097,15569,208,277
2025-12-06,10,국보,4515,139377,171,186
2025-12-05,1,주토피아 2,189916,2868476,1771,7335
2025-12-05,2,윗집 사람들,28539,84577,762,1777
2025-12-05,3,극장판 주술회전: 시부야사변 X 사멸회유,25747,103531,728,1869
2025-12-05,4,정보원,17237,64765,746,1555
2025-12-05,5,프레디의 피자가게 2,12096,32743,566,1122
2025-12-05,6,위키드: 포 굿,9518,831172,524,762
2025-12-05,7,나우 유 씨 미 3,7281,1305654,494,726
2025-12-05,8,국보,3390,134862,246,261
2025-12-05,9,극장판 체인소 맨: 레제편,3068,3372791,214,241
2025-12-05,10,콘크리트 마켓,2581,10472,167,306
2025-12-04,1,주토피아 2,128427,2678560,1675,6399
2025-12-04,2,극장판 주술회전: 시부야사변 X 사멸회유,22473,77784,733,1830
2025-12-04,3,윗집 사람들,21533,56038,753,1749
2025-12-04,4,정보원,17561,47528,741,1508
2025-12-04,5,위키드: 포 굿,8210,821654,543,785
2025-12-04,6,나우 유 씨 미 3,7998,1298373,509,742
2025-12-04,7,프레디의 피자가게 2,7409,20647,542,1076
2025-12-04,8,극장판 체인소 맨: 레제편,3178,3369723,212,237
2025-12-04,9,국보,2758,131472,228,247
2025-12-04,10,콘크리트 마켓,2388,7891,172,319
2025-12-03,1,주토피아 2,149236,2550133,1626,6352
2025-12-03,2,극장판 주술회전: 시부야사변 X 사멸회유,52366,55311,733,1970
2025-12-03,3,윗집 사람들,25425,34505,752,1765
2025-12-03,4,정보원,20726,29967,766,1567
2025-12-03,5,프레디의 피자가게 2,13096,13238,571,1288
2025-12-03,6,위키드: 포 굿,7835,813444,547,775
2025-12-03,7,나우 유 씨 미 3,7360,1290375,494,718
2025-12-03,8,극장판 체인소 맨: 레제편,6192,3366545,215,234
2025-12-03,9,반지의 제왕 : 두 개의 탑,4360,42495,12,46
2025-12-03,10,콘크리트 마켓,3887,5503,188,344
2025-12-02,1,주토피아 2,141447,2400897,1919,7842
2025-12-02,2,나우 유 씨 미 3,14702,1283015,728,1798
2025-12-02,3,위키드: 포 굿,11803,805609,826,1708
2025-12-02,4,극장판 체인소 맨: 레제편,5247,3360353,450,631
2025-12-02,5,국보,5142,125718,373,526
2025-12-02,6,세계의 주인,1850,156948,126,201
2025-12-02,7,한란,1702,18305,226,288
2025-12-02,8,극장판 주술회전: 시부야사변 X 사멸회유,1286,2945,26,26
2025-12-02,9,석류의 빛깔 ,937,11982,54,69
2025-12-02,10,극장판 귀멸의 칼날: 무한성편,909,5664530,80,90
2025-12-01,1,주토피아 2,152584,2259450,1872,7839
2025-12-01,2,나우 유 씨 미 3,16221,1268313,721,1857
2025-12-01,3,위키드: 포 굿,11878,793806,815,1741
2025-12-01,4,극장판 체인소 맨: 레제편,5423,3355106,454,646
2025-12-01,5,국보,5250,120576,374,531
2025-12-01,6,세계의 주인,1734,155098,114,192
2025-12-01,7,한란,1278,16603,213,266
2025-12-01,8,콘크리트 마켓,1233,1616,4,7
2025-12-01,9,석류의 빛깔 ,930,11045,50,65
2025-12-01,10,극장판 귀멸의 칼날: 무한성편,924,5663621,81,91
2025-11-30,1,주토피아 2,664337,2106866,2369,10422
2025-11-30,2,위키드: 포 굿,48017,781928,967,1945
2025-11-30,3,나우 유 씨 미 3,44450,1252092,805,1852
2025-11-30,4,극장판 체인소 맨: 레제편,12507,3349683,429,564
2025-11-30,5,국보,9329,115326,315,398
2025-11-30,6,극장판 귀멸의 칼날: 무한성편,5370,5662697,117,126
2025-11-30,7,세계의 주인,3856,153364,114,166
2025-11-30,8,정보원,3368,9241,36,36
2025-11-30,9,한란,2570,15325,229,276
2025-11-30,10,나혼자 프린스,1585,52636,188,237
2025-11-29,1,주토피아 2,700790,1442529,2383,10719
2025-11-29,2,위키드: 포 굿,57798,733911,969,2028
2025-11-29,3,나우 유 씨 미 3,48537,1207642,836,1928
2025-11-29,4,극장판 체인소 맨: 레제편,20589,3337176,433,588
2025-11-29,5,국보,9963,105997,313,404
2025-11-29,6,극장판 귀멸의 칼날: 무한성편,5012,5657327,118,126
2025-11-29,7,세계의 주인,4657,149508,123,175
2025-11-29,8,정보원,3275,5873,35,35
2025-11-29,9,한란,2633,12755,228,277
2025-11-29,10,석류의 빛깔 ,1914,8571,59,66
2025-11-28,1,주토피아 2,258740,741739,2047,8490
2025-11-28,2,나우 유 씨 미 3,29151,1159105,804,2055
2025-11-28,3,위키드: 포 굿,27537,676113,949,2222
2025-11-28,4,국보,8171,96034,376,527
2025-11-28,5,극장판 체인소 맨: 레제편,7827,3316587,471,686
2025-11-28,6,세계의 주인,3124,144851,123,187
2025-11-28,7,한란,2519,10122,248,317
2025-11-28,8,정보원,2095,2598,8,8
2025-11-28,9,나혼자 프린스,1418,49405,224,294
2025-11-28,10,윗집 사람들,1323,6696,8,8
2025-11-27,1,주토피아 2,172048,482999,1943,7769
2025-11-27,2,나우 유 씨 미 3,22414,1129954,775,1991
2025-11-27,3,위키드: 포 굿,18213,648576,936,2140
2025-11-27,4,국보,6596,87863,364,498
2025-11-27,5,극장판 체인소 맨: 레제편,5847,3308760,449,642
2025-11-27,6,한란,3042,7603,255,340
2025-11-27,7,세계의 주인,2417,141727,120,172
2025-11-27,8,윗집 사람들,2313,5373,11,11
2025-11-27,9,나혼자 프린스,2070,47987,217,293
2025-11-27,10,퍼스트 라이드,1959,737835,58,68
2025-11-26,1,주토피아 2,309168,310951,2084,8027
2025-11-26,2,나우 유 씨 미 3,35043,1107540,844,1985
2025-11-26,3,위키드: 포 굿,34125,630363,1023,2260
2025-11-26,4,극장판 체인소 맨: 레제편,9899,3302913,494,668
2025-11-26,5,국보,9251,81267,372,483
2025-11-26,6,한란,3458,4561,262,345
2025-11-26,7,세계의 주인,3327,139310,106,146
2025-11-26,8,석류의 빛깔 ,2983,3874,55,68
2025-11-26,9,나혼자 프린스,2397,45917,232,298
2025-11-26,10,퍼스트 라이드,1885,735876,52,55
2025-11-25,1,나우 유 씨 미 3,29804,1072497,895,2698
2025-11-25,2,위키드: 포 굿,28697,596238,1419,4222
2025-11-25,3,극장판 체인소 맨: 레제편,8438,3293014,593,1107
2025-11-25,4,국보,7047,72016,509,813
2025-11-25,5,나혼자 프린스,4365,43520,443,786
2025-11-25,6,세계의 주인,3971,135983,136,201
2025-11-25,7,프레데터: 죽음의 땅,2914,415690,365,528
2025-11-25,8,윗집 사람들,2837,2837,11,12
2025-11-25,9,힘,2614,2614,16,16
2025-11-25,10,퍼스트 라이드,2606,733991,260,353
2025-11-24,1,위키드: 포 굿,30179,567541,1405,4391
2025-11-24,2,나우 유 씨 미 3,29408,1042693,830,2638
2025-11-24,3,극장판 체인소 맨: 레제편,8300,3284576,609,1125
2025-11-24,4,국보,6639,64969,505,791
2025-11-24,5,세계의 주인,3905,132012,125,184
2025-11-24,6,나혼자 프린스,3283,39155,422,781
2025-11-24,7,프레데터: 죽음의 땅,3148,412776,360,517
2025-11-24,8,퍼스트 라이드,2278,731385,264,360
2025-11-24,9,극장판 귀멸의 칼날: 무한성편,1501,5648282,150,168
2025-11-24,10,가타카,926,8158,72,113
2025-11-23,1,위키드: 포 굿,133952,537362,1674,6081
2025-11-23,2,나우 유 씨 미 3,90295,1013285,974,3115
2025-11-23,3,극장판 체인소 맨: 레제편,22256,3276276,678,1262
2025-11-23,4,국보,12792,58330,521,804
2025-11-23,5,프레데터: 죽음의 땅,8584,409628,395,578
2025-11-23,6,나혼자 프린스,7725,35872,530,927
2025-11-23,7,세계의 주인,6600,128107,112,146
2025-11-23,8,극장판 귀멸의 칼날: 무한성편,5249,5646781,179,206
2025-11-23,9,퍼스트 라이드,4603,729107,284,391
2025-11-23,10,극장판 똘똘이: 아기공룡의 비밀,2881,36194,166,243
2025-11-22,1,위키드: 포 굿,164791,403410,1700,6554
2025-11-22,2,나우 유 씨 미 3,103015,922990,948,3142
2025-11-22,3,극장판 체인소 맨: 레제편,27583,3254020,694,1308
2025-11-22,4,국보,14908,45538,517,810
2025-11-22,5,프레데터: 죽음의 땅,10646,401044,412,594
2025-11-22,6,나혼자 프린스,8982,28147,533,990
2025-11-22,7,퍼스트 라이드,5451,724504,318,444
2025-11-22,8,세계의 주인,5329,121507,112,145
2025-11-22,9,극장판 귀멸의 칼날: 무한성편,5185,5641532,183,205
2025-11-22,10,극장판 똘똘이: 아기공룡의 비밀,2631,33313,163,245
2025-11-21,1,위키드: 포 굿,77314,238619,1653,5642
2025-11-21,2,나우 유 씨 미 3,53165,819975,887,2619
2025-11-21,3,극장판 체인소 맨: 레제편,13136,3226437,628,1119
2025-11-21,4,국보,9700,30630,483,799
2025-11-21,5,나혼자 프린스,6816,19165,536,1062
2025-11-21,6,엔드 오브 에반게리온,5696,38428,116,200
2025-11-21,7,프레데터: 죽음의 땅,5672,390398,437,661
2025-11-21,8,퍼스트 라이드,4810,719053,336,471
2025-11-21,9,극장판 귀멸의 칼날: 무한성편,1737,5636347,136,153
2025-11-21,10,세계의 주인,1463,116178,105,136
2025-11-20,1,위키드: 포 굿,52475,161305,1589,5176
2025-11-20,2,나우 유 씨 미 3,37010,766810,815,2354
2025-11-20,3,극장판 체인소 맨: 레제편,10092,3213301,578,1034
2025-11-20,4,국보,6746,20930,458,752
2025-11-20,5,나혼자 프린스,5126,12349,519,1047
2025-11-20,6,프레데터: 죽음의 땅,3928,384726,424,635
2025-11-20,7,퍼스트 라이드,3900,714243,345,472
2025-11-20,8,가타카,1388,1474,71,126
2025-11-20,9,세계의 주인,1373,114715,109,140
2025-11-20,10,8번 출구,1340,441742,183,211
2025-11-19,1,위키드: 포 굿,108146,108830,1699,5740
2025-11-19,2,나우 유 씨 미 3,40741,729800,825,2317
2025-11-19,3,극장판 체인소 맨: 레제편,17431,3203209,574,1021
2025-11-19,4,국보,9569,14184,484,802
2025-11-19,5,나혼자 프린스,6090,7223,535,1099
2025-11-19,6,프레데터: 죽음의 땅,4413,380798,432,642
2025-11-19,7,퍼스트 라이드,4201,710343,350,474
2025-11-19,8,포레스텔라 : 더 웨이브 인 시네마,2025,2025,23,33
2025-11-19,9,코렐라인,1678,421190,102,116
2025-11-19,10,8번 출구,1668,440402,182,204
2025-11-18,1,나우 유 씨 미 3,48871,689059,1234,4688
2025-11-18,2,극장판 체인소 맨: 레제편,13006,3185778,661,1787
2025-11-18,3,프레데터: 죽음의 땅,8289,376385,597,1603
2025-11-18,4,퍼스트 라이드,8103,706142,568,1223
2025-11-18,5,극장판 귀멸의 칼날: 무한성편,2578,5632146,278,327
2025-11-18,6,8번 출구,2324,438734,371,515
2025-11-18,7,부고니아,2251,65526,250,317
2025-11-18,8,세계의 주인,1621,112252,187,245
2025-11-18,9,위키드,1606,2280997,108,132
2025-11-18,10,난징사진관,1358,28800,86,90
2025-11-17,1,나우 유 씨 미 3,53445,640188,1196,4755
2025-11-17,2,극장판 체인소 맨: 레제편,14123,3172772,640,1803
2025-11-17,3,프레데터: 죽음의 땅,9207,368096,577,1650
2025-11-17,4,퍼스트 라이드,7122,698039,555,1271
2025-11-17,5,8번 출구,2606,436410,368,519
2025-11-17,6,부고니아,2074,63275,241,304
2025-11-17,7,세계의 주인,2071,110631,184,246
2025-11-17,8,극장판 귀멸의 칼날: 무한성편,1988,5629568,268,311
2025-11-17,9,위키드,1273,2279391,105,131
2025-11-17,10,코렐라인,1122,418433,139,200
2025-11-16,1,나우 유 씨 미 3,158846,586743,1352,5777
2025-11-16,2,극장판 체인소 맨: 레제편,35093,3158649,765,2153
2025-11-16,3,프레데터: 죽음의 땅,27984,358889,715,2015
2025-11-16,4,퍼스트 라이드,18199,690917,715,1726
2025-11-16,5,극장판 귀멸의 칼날: 무한성편,7373,5627580,293,355
2025-11-16,6,8번 출구,7263,433804,452,672
2025-11-16,7,꼬마돼지 베이브와 타피티,5352,15309,359,416
2025-11-16,8,극장판 똘똘이: 아기공룡의 비밀,4417,29666,209,340
2025-11-16,9,코렐라인,4225,417311,173,261
2025-11-16,10,부고니아,3787,61201,248,308
2025-11-15,1,나우 유 씨 미 3,183741,427897,1339,5973
2025-11-15,2,극장판 체인소 맨: 레제편,59580,3123556,795,2273
2025-11-15,3,프레데터: 죽음의 땅,34582,330905,700,2115
2025-11-15,4,퍼스트 라이드,21818,672718,724,1826
2025-11-15,5,8번 출구,8545,426541,468,715
2025-11-15,6,극장판 귀멸의 칼날: 무한성편,7828,5620207,309,375
2025-11-15,7,꼬마돼지 베이브와 타피티,5307,9957,349,406
2025-11-15,8,부고니아,4502,57414,257,319
2025-11-15,9,극장판 똘똘이: 아기공룡의 비밀,4300,25249,222,357
2025-11-15,10,코렐라인,3975,413086,164,253
2025-11-14,1,나우 유 씨 미 3,92708,244156,1325,5330
2025-11-14,2,극장판 체인소 맨: 레제편,22915,3063976,697,1896
2025-11-14,3,프레데터: 죽음의 땅,16357,296323,687,1956
2025-11-14,4,퍼스트 라이드,15216,650900,658,1645
2025-11-14,5,8번 출구,4417,417996,409,640
2025-11-14,6,부고니아,3099,52912,286,359
2025-11-14,7,극장판 귀멸의 칼날: 무한성편,2863,5612379,247,297
2025-11-14,8,코렐라인,2462,409111,155,226
2025-11-14,9,세계의 주인,2335,101328,200,256
2025-11-14,10,난징사진관,1877,24213,120,132
2025-11-13,1,나우 유 씨 미 3,68497,151448,1251,4993
2025-11-13,2,극장판 체인소 맨: 레제편,21558,3041061,656,1770
2025-11-13,3,퍼스트 라이드,19091,635684,662,1661
2025-11-13,4,프레데터: 죽음의 땅,11990,279966,673,1825
2025-11-13,5,8번 출구,4815,413579,412,633
2025-11-13,6,코렐라인,2629,406649,149,216
2025-11-13,7,세계의 주인,2324,98993,201,257
2025-11-13,8,극장판 귀멸의 칼날: 무한성편,2266,5609516,244,279
2025-11-13,9,부고니아,2113,49813,268,325
2025-11-13,10,명탐정 코난: 척안의 잔상,1604,743034,62,208
2025-11-12,1,나우 유 씨 미 3,82300,82951,1261,5132
2025-11-12,2,극장판 체인소 맨: 레제편,19512,3019503,633,1681
2025-11-12,3,퍼스트 라이드,12949,616593,610,1567
2025-11-12,4,프레데터: 죽음의 땅,12177,267976,671,1863
2025-11-12,5,8번 출구,4092,408764,404,619
2025-11-12,6,명탐정 코난: 척안의 잔상,2517,741430,62,218
2025-11-12,7,세계의 주인,2500,96669,186,242
2025-11-12,8,부고니아,2376,47700,270,335
2025-11-12,9,구원자,1952,29806,111,139
2025-11-12,10,극장판 귀멸의 칼날: 무한성편,1896,5607250,238,271
2025-11-11,1,프레데터: 죽음의 땅,17068,255799,867,2890
2025-11-11,2,퍼스트 라이드,13358,603644,717,1962
2025-11-11,3,극장판 체인소 맨: 레제편,11108,2999991,664,1829
2025-11-11,4,부고니아,3731,45324,427,703
2025-11-11,5,8번 출구,3695,404672,463,763
2025-11-11,6,구원자,2769,27854,390,592
2025-11-11,7,엄마를 버리러 갑니다,2373,17612,142,257
2025-11-11,8,난징사진관,2345,20091,229,286
2025-11-11,9,극장판 귀멸의 칼날: 무한성편,2070,5605354,284,330
2025-11-11,10,세계의 주인,2062,94169,206,283
2025-11-10,1,프레데터: 죽음의 땅,17628,238731,846,2930
2025-11-10,2,퍼스트 라이드,12074,590286,698,1922
2025-11-10,3,극장판 체인소 맨: 레제편,11479,2988883,657,1834
2025-11-10,4,8번 출구,4616,400977,486,822
2025-11-10,5,부고니아,2885,41593,453,723
2025-11-10,6,세계의 주인,2103,92107,211,278
2025-11-10,7,극장판 귀멸의 칼날: 무한성편,1836,5603284,275,319
2025-11-10,8,구원자,1820,25085,364,546
2025-11-10,9,코렐라인,1554,400375,176,274
2025-11-10,10,위키드,1470,2266777,144,283
2025-11-09,1,프레데터: 죽음의 땅,54996,221103,943,3428
2025-11-09,2,퍼스트 라이드,42315,578212,889,2698
2025-11-09,3,극장판 체인소 맨: 레제편,36994,2977404,762,2305
2025-11-09,4,8번 출구,16015,396361,634,1174
2025-11-09,5,극장판 똘똘이: 아기공룡의 비밀,8704,18396,240,407
2025-11-09,6,극장판 귀멸의 칼날: 무한성편,7601,5601448,331,391
2025-11-09,7,코렐라인,7346,398821,219,398
2025-11-09,8,부고니아,6658,38708,508,840
2025-11-09,9,위키드,4665,2265307,175,356
2025-11-09,10,세계의 주인,4570,90004,215,285
2025-11-08,1,프레데터: 죽음의 땅,70867,166107,949,3692
2025-11-08,2,극장판 체인소 맨: 레제편,55338,2940410,790,2448
2025-11-08,3,퍼스트 라이드,52135,535897,900,2863
2025-11-08,4,8번 출구,20451,380346,659,1271
2025-11-08,5,부고니아,8583,32050,527,953
2025-11-08,6,코렐라인,8170,391475,215,422
2025-11-08,7,극장판 귀멸의 칼날: 무한성편,8157,5593847,354,415
2025-11-08,8,극장판 똘똘이: 아기공룡의 비밀,8053,9692,222,405
2025-11-08,9,위키드,5558,2260642,162,376
2025-11-08,10,세계의 주인,4750,85434,214,286
2025-11-07,1,프레데터: 죽음의 땅,34221,95240,953,3501
2025-11-07,2,퍼스트 라이드,25884,483762,862,2445
2025-11-07,3,극장판 체인소 맨: 레제편,20812,2885072,709,1984
2025-11-07,4,8번 출구,8576,359895,550,944
2025-11-07,5,부고니아,6381,23467,510,996
2025-11-07,6,구원자,3831,14637,448,857
2025-11-07,7,세계의 주인,3396,80684,218,276
2025-11-07,8,코렐라인,3072,383305,197,308
2025-11-07,9,위키드,2959,2255084,153,336
2025-11-07,10,난징사진관,2881,11669,260,333
2025-11-06,1,프레데터: 죽음의 땅,24592,61019,933,3396
2025-11-06,2,퍼스트 라이드,17487,457878,766,2100
2025-11-06,3,극장판 체인소 맨: 레제편,14755,2864260,625,1707
2025-11-06,4,8번 출구,5908,351319,500,787
2025-11-06,5,부고니아,5895,17086,498,1001
2025-11-06,6,구원자,3755,10806,453,840
2025-11-06,7,난징사진관,3023,8788,268,352
2025-11-06,8,위키드,2356,2252125,147,310
2025-11-06,9,엄마를 버리러 갑니다,2282,6416,156,318
2025-11-06,10,세계의 주인,2215,77288,202,249
2025-11-05,1,프레데터: 죽음의 땅,34746,36427,952,3456
2025-11-05,2,극장판 체인소 맨: 레제편,24605,2849505,642,1738
2025-11-05,3,퍼스트 라이드,22418,440391,772,2137
2025-11-05,4,부고니아,9092,11191,518,1143
2025-11-05,5,8번 출구,7033,345411,483,748
2025-11-05,6,구원자,5939,7051,498,982
2025-11-05,7,난징사진관,4585,5765,272,358
2025-11-05,8,반지의 제왕 : 반지원정대,3845,39470,11,49
2025-11-05,9,엄마를 버리러 갑니다,3401,4134,155,308
2025-11-05,10,위키드,3121,2249769,151,350
2025-11-04,1,퍼스트 라이드,23992,417973,1017,3438
2025-11-04,2,극장판 체인소 맨: 레제편,14654,2824900,630,2218
2025-11-04,3,8번 출구,7718,338378,571,1218
2025-11-04,4,세계의 주인,3507,72588,287,413
2025-11-04,5,코렐라인,3485,375694,208,463
2025-11-04,6,어쩔수가없다,2639,2925401,397,554
2025-11-04,7,극장판 귀멸의 칼날: 무한성편,2438,5579184,341,440
2025-11-04,8,보스,2003,2424803,344,463
2025-11-04,9,하얀 차를 탄 여자,1747,17563,304,400
2025-11-04,10,원 배틀 애프터 어나더,1551,521262,189,246
2025-11-03,1,퍼스트 라이드,25178,393981,1006,3450
2025-11-03,2,극장판 체인소 맨: 레제편,16125,2810246,644,2284
2025-11-03,3,8번 출구,7662,330660,587,1240
2025-11-03,4,코렐라인,3699,372209,208,472
2025-11-03,5,세계의 주인,3454,69081,286,413
2025-11-03,6,어쩔수가없다,2866,2922762,412,576
2025-11-03,7,극장판 귀멸의 칼날: 무한성편,2470,5576746,359,455
2025-11-03,8,보스,2158,2422800,351,484
2025-11-03,9,원 배틀 애프터 어나더,1478,519711,201,261
2025-11-03,10,하얀 차를 탄 여자,1329,15816,306,395
2025-11-02,1,퍼스트 라이드,85993,368803,1125,4399
2025-11-02,2,극장판 체인소 맨: 레제편,50009,2794121,773,2804
2025-11-02,3,8번 출구,31903,322998,710,1656
2025-11-02,4,코렐라인,15188,368510,250,590
2025-11-02,5,케이팝 데몬 헌터스,14584,39175,137,498
2025-11-02,6,극장판 귀멸의 칼날: 무한성편,11991,5574276,427,531
2025-11-02,7,어쩔수가없다,7272,2919896,472,683
2025-11-02,8,세계의 주인,6604,65627,276,368
2025-11-02,9,극장판 주술회전: 회옥·옥절,5876,217899,329,424
2025-11-02,10,보스,3896,2420642,423,601
2025-11-01,1,퍼스트 라이드,96313,282810,1166,4674
2025-11-01,2,극장판 체인소 맨: 레제편,69058,2744112,817,2896
2025-11-01,3,8번 출구,37319,291095,707,1738
2025-11-01,4,케이팝 데몬 헌터스,17578,24591,143,519
2025-11-01,5,코렐라인,16020,353322,257,594
2025-11-01,6,극장판 귀멸의 칼날: 무한성편,12536,5562285,429,546
2025-11-01,7,어쩔수가없다,7549,2912624,474,699
2025-11-01,8,세계의 주인,7102,59023,274,368
2025-11-01,9,극장판 주술회전: 회옥·옥절,5811,212023,310,411
2025-11-01,10,원 배틀 애프터 어나더,4727,514639,234,303
2025-10-31,1,퍼스트 라이드,48470,186497,1142,4217
2025-10-31,2,극장판 체인소 맨: 레제편,28392,2675054,712,2449
2025-10-31,3,8번 출구,15494,253776,599,1317
2025-10-31,4,코렐라인,8013,337302,230,480
2025-10-31,5,신세기 에반게리온 극장판 사도신생,7066,7066,180,349
2025-10-31,6,어쩔수가없다,7062,2905075,467,696
2025-10-31,7,케이팝 데몬 헌터스,7013,7013,123,498
2025-10-31,8,보스,4495,2412606,445,651
2025-10-31,9,극장판 귀멸의 칼날: 무한성편,4306,5549749,341,420
2025-10-31,10,세계의 주인,4020,51921,225,292
2025-10-30,1,퍼스트 라이드,34118,138027,1151,4095
2025-10-30,2,극장판 체인소 맨: 레제편,17962,2646662,651,2296
2025-10-30,3,8번 출구,8861,238282,582,1154
2025-10-30,4,보스,6382,2408111,452,671
2025-10-30,5,어쩔수가없다,5147,2898013,483,695
2025-10-30,6,코렐라인,4661,329289,207,474
2025-10-30,7,말할 수 없는 비밀: 마지막 챕터,3606,3845,158,310
2025-10-30,8,세계의 주인,3114,47901,212,256
2025-10-30,9,극장판 귀멸의 칼날: 무한성편,2636,5545443,316,378
2025-10-30,10,극장판 주술회전: 회옥·옥절,2342,203606,250,315
2025-10-29,1,퍼스트 라이드,82690,103909,1227,4530
2025-10-29,2,극장판 체인소 맨: 레제편,37025,2628700,709,2369
2025-10-29,3,8번 출구,16968,229421,617,1231
2025-10-29,4,코렐라인,10984,324628,231,543
2025-10-29,5,어쩔수가없다,7589,2892866,486,721
2025-10-29,6,보스,6833,2401729,476,737
2025-10-29,7,베이비걸,5865,6419,157,450
2025-10-29,8,극장판 귀멸의 칼날: 무한성편,5833,5542807,345,416
2025-10-29,9,세계의 주인,5129,44787,209,249
2025-10-29,10,지드래곤 인 시네마 [위버맨쉬],4859,5059,86,305
2025-10-28,1,극장판 체인소 맨: 레제편,20366,2591675,791,2775
2025-10-28,2,8번 출구,12818,212453,673,2031
2025-10-28,3,어쩔수가없다,8555,2885277,651,1354
2025-10-28,4,보스,8020,2394896,623,1464
2025-10-28,5,코렐라인,5588,313644,251,729
2025-10-28,6,퍼스트 라이드,5214,21219,27,27
2025-10-28,7,세계의 주인,4944,39658,358,521
2025-10-28,8,원 배틀 애프터 어나더,3544,500546,420,576
2025-10-28,9,극장판 귀멸의 칼날: 무한성편,3410,5536974,416,593
2025-10-28,10,극장판 주술회전: 회옥·옥절,2575,197684,421,654
2025-10-27,1,극장판 체인소 맨: 레제편,21108,2571309,773,2776
2025-10-27,2,8번 출구,13532,199635,663,2071
2025-10-27,3,보스,8434,2386876,606,1520
2025-10-27,4,어쩔수가없다,7749,2876722,635,1351
2025-10-27,5,코렐라인,5718,308056,243,728
2025-10-27,6,퍼스트 라이드,4108,16005,17,17
2025-10-27,7,세계의 주인,3990,34714,342,491
2025-10-27,8,극장판 귀멸의 칼날: 무한성편,3343,5533564,412,587
2025-10-27,9,원 배틀 애프터 어나더,3154,497002,410,562
2025-10-27,10,극장판 주술회전: 회옥·옥절,2627,195109,412,676
2025-10-26,1,극장판 체인소 맨: 레제편,70211,2550201,899,3477
2025-10-26,2,8번 출구,53355,186103,764,2691
2025-10-26,3,코렐라인,23744,302338,316,948
2025-10-26,4,보스,19345,2378442,736,1959
2025-10-26,5,극장판 귀멸의 칼날: 무한성편,17071,5530221,499,739
2025-10-26,6,어쩔수가없다,16190,2868973,714,1544
2025-10-26,7,극장판 주술회전: 회옥·옥절,12767,192482,617,1186
2025-10-26,8,원 배틀 애프터 어나더,8517,493848,447,638
2025-10-26,9,세계의 주인,8274,30724,357,457
2025-10-26,10,브레드이발소: 베이커리타운의 악당들,3192,276229,181,263
2025-10-25,1,극장판 체인소 맨: 레제편,108873,2479990,932,3687
2025-10-25,2,8번 출구,57533,132748,781,2794
2025-10-25,3,코렐라인,24217,278594,318,962
2025-10-25,4,보스,22632,2359097,760,2092
2025-10-25,5,어쩔수가없다,19102,2852783,752,1645
2025-10-25,6,극장판 귀멸의 칼날: 무한성편,18511,5513150,500,759
2025-10-25,7,극장판 주술회전: 회옥·옥절,14661,179715,598,1215
2025-10-25,8,원 배틀 애프터 어나더,10487,485331,477,705
2025-10-25,9,세계의 주인,8143,22450,352,454
2025-10-25,10,웨폰,3962,73110,295,362
2025-10-24,1,극장판 체인소 맨: 레제편,40585,2371117,831,3105
2025-10-24,2,8번 출구,26285,75215,740,2511
2025-10-24,3,보스,16861,2336465,716,1931
2025-10-24,4,어쩔수가없다,12310,2833681,680,1504
2025-10-24,5,코렐라인,10167,254377,288,736
2025-10-24,6,극장판 주술회전: 회옥·옥절,6314,165054,534,981
2025-10-24,7,극장판 귀멸의 칼날: 무한성편,6273,5494639,446,609
2025-10-24,8,원 배틀 애프터 어나더,5932,474844,444,648
2025-10-24,9,세계의 주인,5459,14307,351,494
2025-10-24,10,후지모토 타츠키 17-26 파트 1,2596,2596,20,36
2025-10-23,1,극장판 체인소 맨: 레제편,24050,2330532,755,2660
2025-10-23,2,8번 출구,16219,48930,705,2386
2025-10-23,3,보스,14419,2319604,695,1884
2025-10-23,4,어쩔수가없다,9783,2821371,646,1427
2025-10-23,5,코렐라인,7459,244210,272,642
2025-10-23,6,원 배틀 애프터 어나더,4453,468912,419,617
2025-10-23,7,극장판 귀멸의 칼날: 무한성편,4340,5488366,432,590
2025-10-23,8,극장판 주술회전: 회옥·옥절,4140,158740,495,866
2025-10-23,9,세계의 주인,2912,8848,335,469
2025-10-23,10,에이티즈 에이 투 지 온 스크린,1953,1953,12,24
2025-10-22,1,극장판 체인소 맨: 레제편,40737,2306482,784,2786
2025-10-22,2,8번 출구,31965,32711,749,2639
2025-10-22,3,코렐라인,16440,236751,263,603
2025-10-22,4,보스,16431,2305185,734,1955
2025-10-22,5,어쩔수가없다,12982,2811588,675,1444
2025-10-22,6,극장판 주술회전: 회옥·옥절,10042,154600,546,1019
2025-10-22,7,원 배틀 애프터 어나더,6821,464459,450,651
2025-10-22,8,극장판 귀멸의 칼날: 무한성편,6592,5484026,438,572
2025-10-22,9,세계의 주인,4241,5936,358,501
2025-10-22,10,퍼스트 라이드,2856,10505,13,15
2025-10-21,1,극장판 체인소 맨: 레제편,25047,2265745,785,2762
2025-10-21,2,보스,15637,2288754,754,2259
2025-10-21,3,어쩔수가없다,10287,2798606,723,1680
2025-10-21,4,극장판 주술회전: 회옥·옥절,5073,144558,562,1235
2025-10-21,5,극장판 귀멸의 칼날: 무한성편,4935,5477434,450,674
2025-10-21,6,원 배틀 애프터 어나더,4811,457638,520,887
2025-10-21,7,웨폰,3842,62341,474,764
2025-10-21,8,연의 편지,1986,210768,275,328
2025-10-21,9,중간계,1493,24964,194,290
2025-10-21,10,만남의 집,1341,10894,78,99
2025-10-20,1,극장판 체인소 맨: 레제편,25166,2240698,787,2780
2025-10-20,2,보스,14948,2273117,763,2332
2025-10-20,3,어쩔수가없다,10387,2788319,718,1697
2025-10-20,4,원 인 어 밀리언,6166,6166,35,74
2025-10-20,5,극장판 주술회전: 회옥·옥절,5742,139485,589,1361
2025-10-20,6,원 배틀 애프터 어나더,5006,452827,503,892
2025-10-20,7,퍼스트 라이드,4678,7218,30,30
2025-10-20,8,웨폰,4071,58499,482,757
2025-10-20,9,극장판 귀멸의 칼날: 무한성편,3921,5472499,443,649
2025-10-20,10,연의 편지,1722,208782,260,312
2025-10-19,1,극장판 체인소 맨: 레제편,83714,2215532,879,3249
2025-10-19,2,보스,39677,2258169,901,2984
2025-10-19,3,극장판 주술회전: 회옥·옥절,30491,133743,740,2154
2025-10-19,4,어쩔수가없다,25582,2777932,821,2003
2025-10-19,5,극장판 귀멸의 칼날: 무한성편,17563,5468578,515,751
2025-10-19,6,원 배틀 애프터 어나더,15787,447821,570,1020
2025-10-19,7,웨폰,10026,54428,544,898
2025-10-19,8,브레드이발소: 베이커리타운의 악당들,7548,269139,252,410
2025-10-19,9,이찬원 정규 2집 ‘찬란’ 청음회,5892,5892,40,40
2025-10-19,10,연의 편지,5402,207060,320,404
2025-10-18,1,극장판 체인소 맨: 레제편,117489,2131818,911,3386
2025-10-18,2,보스,49307,2218492,898,3140
2025-10-18,3,극장판 주술회전: 회옥·옥절,39803,103252,742,2272
2025-10-18,4,어쩔수가없다,34685,2752350,863,2141
2025-10-18,5,원 배틀 애프터 어나더,21005,432034,593,1128
2025-10-18,6,극장판 귀멸의 칼날: 무한성편,18329,5451015,509,773
2025-10-18,7,웨폰,14902,44402,568,984
2025-10-18,8,브레드이발소: 베이커리타운의 악당들,8979,261591,261,415
2025-10-18,9,연의 편지,5964,201658,320,400
2025-10-18,10,중간계,5650,18015,245,432
2025-10-17,1,극장판 체인소 맨: 레제편,44906,2014329,812,2796
2025-10-17,2,보스,29483,2169185,864,2768
2025-10-17,3,극장판 주술회전: 회옥·옥절,19390,63449,722,2101
2025-10-17,4,어쩔수가없다,19201,2717665,799,1961
2025-10-17,5,원 배틀 애프터 어나더,10555,411029,542,1038
2025-10-17,6,웨폰,9677,29500,551,1117
2025-10-17,7,극장판 귀멸의 칼날: 무한성편,7320,5432686,465,659
2025-10-17,8,연의 편지,4693,195694,306,355
2025-10-17,9,트론: 아레스,3378,158573,354,443
2025-10-17,10,중간계,2922,12365,217,426
2025-10-16,1,극장판 주술회전: 회옥·옥절,32333,44059,694,2206
2025-10-16,2,극장판 체인소 맨: 레제편,28390,1969423,760,2505
2025-10-16,3,보스,22675,2139702,811,2606
2025-10-16,4,어쩔수가없다,15898,2698464,764,1863
2025-10-16,5,원 배틀 애프터 어나더,7966,400474,529,1008
2025-10-16,6,웨폰,7514,19823,534,1072
2025-10-16,7,극장판 귀멸의 칼날: 무한성편,5048,5425366,411,568
2025-10-16,8,중간계,3036,9443,217,450
2025-10-16,9,연의 편지,2277,191001,263,311
2025-10-16,10,트론: 아레스,2113,155195,321,407
2025-10-15,1,극장판 체인소 맨: 레제편,36619,1941033,841,3006
2025-10-15,2,보스,25127,2117027,865,2984
2025-10-15,3,어쩔수가없다,16965,2682566,819,2121
2025-10-15,4,웨폰,12011,12309,524,1283
2025-10-15,5,극장판 귀멸의 칼날: 무한성편,10144,5420318,494,734
2025-10-15,6,원 배틀 애프터 어나더,9209,392508,588,1149
2025-10-15,7,중간계,4459,6407,229,508
2025-10-15,8,나쁜계집애: 달려라 하니,3019,54826,128,141
2025-10-15,9,트론: 아레스,3016,153082,361,493
2025-10-15,10,연의 편지,2745,188724,300,390
2025-10-14,1,극장판 체인소 맨: 레제편,32531,1904414,843,2609
2025-10-14,2,보스,26458,2091900,950,3510
2025-10-14,3,어쩔수가없다,18030,2665601,865,2353
2025-10-14,4,원 배틀 애프터 어나더,7428,383299,558,982
2025-10-14,5,극장판 귀멸의 칼날: 무한성편,5470,5410174,490,727
2025-10-14,6,트론: 아레스,5220,150066,591,1075
2025-10-14,7,연의 편지,2719,185979,345,432
2025-10-14,8,얼굴,1135,1067555,219,270
2025-10-14,9,그저 사고였을 뿐,1022,25580,52,61
2025-10-14,10,나쁜계집애: 달려라 하니,1002,51807,246,272
2025-10-13,1,극장판 체인소 맨: 레제편,35256,1871883,833,2622
2025-10-13,2,보스,28880,2065442,921,3603
2025-10-13,3,어쩔수가없다,17150,2647571,823,2343
2025-10-13,4,원 배틀 애프터 어나더,8514,375871,552,997
2025-10-13,5,극장판 귀멸의 칼날: 무한성편,5607,5404704,485,740
2025-10-13,6,트론: 아레스,4833,144846,600,1119
2025-10-13,7,연의 편지,2481,183260,333,416
2025-10-13,8,중간계,1782,1948,7,9
2025-10-13,9,나쁜계집애: 달려라 하니,1613,50805,254,279
2025-10-13,10,사람과 고기,1181,10816,80,93
2025-10-12,1,극장판 체인소 맨: 레제편,104389,1836627,998,3005
2025-10-12,2,보스,93257,2036562,1130,4757
2025-10-12,3,어쩔수가없다,54706,2630421,982,2907
2025-10-12,4,원 배틀 애프터 어나더,27053,367357,657,1052
2025-10-12,5,극장판 귀멸의 칼날: 무한성편,24287,5399097,592,877
2025-10-12,6,트론: 아레스,15717,140013,722,1386
2025-10-12,7,브레드이발소: 베이커리타운의 악당들,11752,250403,293,522
2025-10-12,8,연의 편지,10680,180779,423,521
2025-10-12,9,개비의 매직하우스 극장판,6263,101413,286,332
2025-10-12,10,나쁜계집애: 달려라 하니,4800,49192,414,470
2025-10-11,1,극장판 체인소 맨: 레제편,129311,1732238,995,3099
2025-10-11,2,보스,122839,1943305,1149,5135
2025-10-11,3,어쩔수가없다,74990,2575715,1004,3092
2025-10-11,4,원 배틀 애프터 어나더,35895,340304,646,1069
2025-10-11,5,극장판 귀멸의 칼날: 무한성편,27035,5374810,597,881
2025-10-11,6,트론: 아레스,20567,124296,725,1495
2025-10-11,7,연의 편지,11363,170099,426,523
2025-10-11,8,브레드이발소: 베이커리타운의 악당들,11224,238651,302,535
2025-10-11,9,얼굴,6539,1061228,276,353
2025-10-11,10,개비의 매직하우스 극장판,6082,95150,291,334
2025-10-10,1,보스,91069,1820466,1194,5173
2025-10-10,2,극장판 체인소 맨: 레제편,90439,1602927,808,2593
2025-10-10,3,어쩔수가없다,56344,2500725,1003,3138
2025-10-10,4,원 배틀 애프터 어나더,20781,304409,588,914
2025-10-10,5,극장판 귀멸의 칼날: 무한성편,19709,5347775,543,762
2025-10-10,6,트론: 아레스,16334,103729,689,1636
2025-10-10,7,브레드이발소: 베이커리타운의 악당들,10083,227427,280,469
2025-10-10,8,연의 편지,9324,158736,398,479
2025-10-10,9,개비의 매직하우스 극장판,6107,89068,318,381
2025-10-10,10,나쁜계집애: 달려라 하니,4802,39084,422,543
2025-10-09,1,보스,174267,1729397,1286,5416
2025-10-09,2,극장판 체인소 맨: 레제편,112140,1512488,816,2520
2025-10-09,3,어쩔수가없다,101120,2444381,1041,3203
2025-10-09,4,트론: 아레스,31091,87395,715,1825
2025-10-09,5,원 배틀 애프터 어나더,30581,283628,585,855
2025-10-09,6,극장판 귀멸의 칼날: 무한성편,28952,5328066,535,735
2025-10-09,7,브레드이발소: 베이커리타운의 악당들,16612,217344,308,595
2025-10-09,8,연의 편지,14062,149412,414,486
2025-10-09,9,개비의 매직하우스 극장판,8536,82961,350,419
2025-10-09,10,나쁜계집애: 달려라 하니,8380,34282,454,621
2025-10-08,1,보스,247005,1555130,1296,5393
2025-10-08,2,어쩔수가없다,136746,2343261,1037,3248
2025-10-08,3,극장판 체인소 맨: 레제편,131316,1400348,806,2545
2025-10-08,4,트론: 아레스,55680,56304,779,2174
2025-10-08,5,원 배틀 애프터 어나더,36188,253047,573,813
2025-10-08,6,극장판 귀멸의 칼날: 무한성편,33826,5299114,530,743
2025-10-08,7,브레드이발소: 베이커리타운의 악당들,17425,200732,314,606
2025-10-08,8,연의 편지,14244,135350,401,468
2025-10-08,9,F1 더 무비,10224,5189997,162,187
2025-10-08,10,나쁜계집애: 달려라 하니,9826,25902,461,645
2025-10-07,1,보스,322754,1308125,1257,5488
2025-10-07,2,어쩔수가없다,180798,2206515,1142,3711
2025-10-07,3,극장판 체인소 맨: 레제편,114263,1269032,859,2881
2025-10-07,4,원 배틀 애프터 어나더,46230,216859,618,867
2025-10-07,5,극장판 귀멸의 칼날: 무한성편,43479,5265288,601,916
2025-10-07,6,브레드이발소: 베이커리타운의 악당들,20203,183307,354,689
2025-10-07,7,연의 편지,18172,121106,530,754
2025-10-07,8,얼굴,15519,1033650,391,513
2025-10-07,9,나쁜계집애: 달려라 하니,14612,16076,487,755
2025-10-07,10,개비의 매직하우스 극장판,10771,66212,394,504
2025-10-06,1,보스,313448,985371,1176,5443
2025-10-06,2,어쩔수가없다,167675,2025717,1152,3772
2025-10-06,3,극장판 체인소 맨: 레제편,75973,1154769,894,3045
2025-10-06,4,원 배틀 애프터 어나더,36598,170629,595,841
2025-10-06,5,극장판 귀멸의 칼날: 무한성편,32462,5221809,615,902
2025-10-06,6,얼굴,15620,1018131,444,593
2025-10-06,7,브레드이발소: 베이커리타운의 악당들,13699,163104,351,702
2025-10-06,8,연의 편지,11667,102934,532,803
2025-10-06,9,개비의 매직하우스 극장판,6911,55441,404,530
2025-10-06,10,F1 더 무비,5517,5173814,131,139
2025-10-05,1,보스,218913,671923,1168,5358
2025-10-05,2,어쩔수가없다,133229,1858042,1164,3817
2025-10-05,3,극장판 체인소 맨: 레제편,95148,1078796,932,3064
2025-10-05,4,극장판 귀멸의 칼날: 무한성편,36617,5189347,635,928
2025-10-05,5,원 배틀 애프터 어나더,30509,134031,576,802
2025-10-05,6,브레드이발소: 베이커리타운의 악당들,14834,149405,387,745
2025-10-05,7,연의 편지,13006,91267,553,881
2025-10-05,8,얼굴,12455,1002511,454,609
2025-10-05,9,개비의 매직하우스 극장판,7629,48530,418,546
2025-10-05,10,F1 더 무비,4213,5168297,126,136
2025-10-04,1,보스,208854,453010,1167,5375
2025-10-04,2,어쩔수가없다,146996,1724813,1149,3814
2025-10-04,3,극장판 체인소 맨: 레제편,119179,983648,919,2994
2025-10-04,4,극장판 귀멸의 칼날: 무한성편,47557,5152730,624,887
2025-10-04,5,원 배틀 애프터 어나더,30118,103522,563,784
2025-10-04,6,브레드이발소: 베이커리타운의 악당들,22083,134571,381,759
2025-10-04,7,연의 편지,17519,78261,552,921
2025-10-04,8,얼굴,14142,990056,488,652
2025-10-04,9,개비의 매직하우스 극장판,11641,40901,434,556
2025-10-04,10,F1 더 무비,4219,5164084,133,144
2025-10-03,1,보스,238887,244156,1163,5416
2025-10-03,2,어쩔수가없다,178346,1577817,1133,3849
2025-10-03,3,극장판 체인소 맨: 레제편,138327,864469,843,2861
2025-10-03,4,극장판 귀멸의 칼날: 무한성편,41473,5105173,538,795
2025-10-03,5,브레드이발소: 베이커리타운의 악당들,32326,112488,387,762
2025-10-03,6,원 배틀 애프터 어나더,27679,73404,553,778
2025-10-03,7,연의 편지,21227,60742,541,968
2025-10-03,8,개비의 매직하우스 극장판,18734,29260,409,527
2025-10-03,9,얼굴,16885,975914,504,709
2025-10-03,10,배달의 영웅 : 캐리와 슈퍼콜라2,6864,7214,385,463
2025-10-02,1,어쩔수가없다,89974,1399471,1345,4934
2025-10-02,2,극장판 체인소 맨: 레제편,83677,726142,902,3419
2025-10-02,3,극장판 귀멸의 칼날: 무한성편,22468,5063700,595,1063
2025-10-02,4,원 배틀 애프터 어나더,21949,45725,615,1208
2025-10-02,5,얼굴,15790,959029,708,1326
2025-10-02,6,연의 편지,14376,39515,597,1502
2025-10-02,7,F1 더 무비,3986,5155294,172,224
2025-10-02,8,워킹맨,2751,7210,171,373
2025-10-02,9,아바타: 물의 길,2359,10809520,121,164
2025-10-02,10,브레드이발소: 베이커리타운의 악당들,2261,80162,196,232
2025-10-01,1,어쩔수가없다,75260,1309497,1353,4767
2025-10-01,2,극장판 체인소 맨: 레제편,63086,642465,886,3209
2025-10-01,3,원 배틀 애프터 어나더,21492,23776,601,1195
2025-10-01,4,연의 편지,16340,25139,595,1478
2025-10-01,5,극장판 귀멸의 칼날: 무한성편,14571,5041232,585,993
2025-10-01,6,얼굴,10715,943239,671,1220
2025-10-01,7,워킹맨,4459,4459,173,408
2025-10-01,8,아바타: 물의 길,2092,10807161,123,162
2025-10-01,9,그저 사고였을 뿐,2061,2729,102,112
2025-10-01,10,브레드이발소: 베이커리타운의 악당들,2046,77901,185,222
2025-09-30,1,어쩔수가없다,81342,1234237,1592,5815
2025-09-30,2,극장판 체인소 맨: 레제편,55748,579379,900,3266
2025-09-30,3,극장판 귀멸의 칼날: 무한성편,16574,5026661,659,1224
2025-09-30,4,얼굴,13627,932524,726,1579
2025-09-30,5,F1 더 무비,3590,5149315,247,291
2025-09-30,6,모노노케 히메,2821,170301,286,327
2025-09-30,7,브레드이발소: 베이커리타운의 악당들,1889,75855,173,204
2025-09-30,8,파르테노페,1542,7534,51,60
2025-09-30,9,명탐정 코난: 17년 전의 진상,1531,74368,175,229
2025-09-30,10,좀비딸,1515,5625731,64,66
2025-09-29,1,어쩔수가없다,79230,1152895,1589,5824
2025-09-29,2,극장판 체인소 맨: 레제편,49160,523631,892,3236
2025-09-29,3,극장판 귀멸의 칼날: 무한성편,13813,5010087,648,1222
2025-09-29,4,얼굴,11510,918897,694,1544
2025-09-29,5,F1 더 무비,2892,5145725,228,273
2025-09-29,6,모노노케 히메,2683,167480,267,311
2025-09-29,7,보스,2418,4593,13,13
2025-09-29,8,브레드이발소: 베이커리타운의 악당들,1393,73966,176,212
2025-09-29,9,프랑켄슈타인 : 더 뮤지컬 라이브,1337,50640,122,160
2025-09-29,10,명탐정 코난: 17년 전의 진상,1236,72837,170,226
2025-09-28,1,어쩔수가없다,240255,1073665,1786,6738
2025-09-28,2,극장판 체인소 맨: 레제편,105568,474471,1064,3500
2025-09-28,3,극장판 귀멸의 칼날: 무한성편,44837,4996274,688,1240
2025-09-28,4,얼굴,34021,907387,811,1515
2025-09-28,5,브레드이발소: 베이커리타운의 악당들,32432,72573,369,734
2025-09-28,6,바다 탐험대 옥토넛 어보브 앤 비욘드 : 콰지의 깜짝 어드벤처,7266,14103,279,400
2025-09-28,7,모노노케 히메,6028,164797,274,317
2025-09-28,8,F1 더 무비,5296,5142833,220,248
2025-09-28,9,명탐정 코난: 17년 전의 진상,4279,71601,185,241
2025-09-28,10,프랑켄슈타인 : 더 뮤지컬 라이브,3181,49303,123,157
2025-09-27,1,어쩔수가없다,242013,833410,1806,7142
2025-09-27,2,극장판 체인소 맨: 레제편,122901,368903,1059,3580
2025-09-27,3,극장판 귀멸의 칼날: 무한성편,48069,4951437,695,1276
2025-09-27,4,얼굴,36092,873366,804,1570
2025-09-27,5,브레드이발소: 베이커리타운의 악당들,26349,40141,368,725
2025-09-27,6,모노노케 히메,7313,158769,290,344
2025-09-27,7,F1 더 무비,5310,5137537,219,245
2025-09-27,8,바다 탐험대 옥토넛 어보브 앤 비욘드 : 콰지의 깜짝 어드벤처,4909,6837,269,401
2025-09-27,9,명탐정 코난: 17년 전의 진상,4414,67322,185,241
2025-09-27,10,프랑켄슈타인 : 더 뮤지컬 라이브,4015,46122,124,157
2025-09-26,1,어쩔수가없다,127023,591397,1872,7211
2025-09-26,2,극장판 체인소 맨: 레제편,83236,246002,881,2930
2025-09-26,3,극장판 귀멸의 칼날: 무한성편,23967,4903368,618,1224
2025-09-26,4,얼굴,19889,837274,766,1648
2025-09-26,5,모노노케 히메,4338,151456,304,359
2025-09-26,6,F1 더 무비,4164,5132227,224,258
2025-09-26,7,명탐정 코난: 17년 전의 진상,2676,62908,205,274
2025-09-26,8,프랑켄슈타인 : 더 뮤지컬 라이브,2400,42107,115,150
2025-09-26,9,좀비딸,1271,5621937,84,88
2025-09-26,10,킹 오브 프리즘 -유어 엔드리스 콜- 모두 빛나라! 프리즘 투어즈 ,1093,31393,12,16
2025-09-25,1,어쩔수가없다,109726,464374,1860,6848
2025-09-25,2,극장판 체인소 맨: 레제편,53902,162766,789,2592
2025-09-25,3,극장판 귀멸의 칼날: 무한성편,15312,4879401,577,1145
2025-09-25,4,얼굴,14855,817385,757,1553
2025-09-25,5,F1 더 무비,3445,5128063,216,248
2025-09-25,6,모노노케 히메,3017,147118,290,332
2025-09-25,7,명탐정 코난: 17년 전의 진상,2528,60232,197,272
2025-09-25,8,좀비딸,2520,5620666,85,88
2025-09-25,9,프랑켄슈타인 : 더 뮤지컬 라이브,2223,39707,118,152
2025-09-25,10,보스,1431,2175,8,8
2025-09-24,1,어쩔수가없다,331495,354648,2114,7378
2025-09-24,2,극장판 체인소 맨: 레제편,108722,108864,829,2557
2025-09-24,3,얼굴,25216,802530,773,1514
2025-09-24,4,극장판 귀멸의 칼날: 무한성편,23432,4864089,601,1078
2025-09-24,5,모노노케 히메,5349,144101,288,326
2025-09-24,6,명탐정 코난: 17년 전의 진상,4000,57704,216,298
2025-09-24,7,F1 더 무비,3622,5124618,183,207
2025-09-24,8,파르테노페,1228,1370,50,53
2025-09-24,9,좀비딸,1114,5618146,75,81
2025-09-24,10,2016 방탄소년단 라이브 화양연화 온 스테이지 : 에필로그 리마스터링,1082,1232,95,157
2025-09-23,1,얼굴,25433,777314,972,3201
2025-09-23,2,극장판 귀멸의 칼날: 무한성편,19900,4840657,925,2431
2025-09-23,3,어쩔수가없다,14828,23153,88,89
2025-09-23,4,F1 더 무비,5579,5120996,491,733
2025-09-23,5,살인자 리포트,5280,360799,483,760
2025-09-23,6,모노노케 히메,5061,138752,503,837
2025-09-23,7,귀시,4235,63425,503,803
2025-09-23,8,너의 이름은.,3510,3962543,47,48
2025-09-23,9,명탐정 코난: 17년 전의 진상,3339,53704,240,509
2025-09-23,10,건국전쟁2 ,2693,43913,186,213
2025-09-22,1,얼굴,29018,751881,942,3293
2025-09-22,2,극장판 귀멸의 칼날: 무한성편,19985,4820757,901,2458
2025-09-22,3,어쩔수가없다,8261,8325,40,48
2025-09-22,4,모노노케 히메,4975,133691,491,808
2025-09-22,5,F1 더 무비,4845,5115417,496,732
2025-09-22,6,귀시,4120,59190,477,787
2025-09-22,7,명탐정 코난: 17년 전의 진상,3644,50365,232,514
2025-09-22,8,살인자 리포트,3573,355519,444,727
2025-09-22,9,좀비딸,2880,5614364,271,330
2025-09-22,10,너의 이름은.,2840,3959033,35,36
2025-09-21,1,얼굴,90696,722863,1075,3861
2025-09-21,2,극장판 귀멸의 칼날: 무한성편,78016,4800772,1067,3149
2025-09-21,3,모노노케 히메,16701,128716,578,966
2025-09-21,4,F1 더 무비,13646,5110572,540,851
2025-09-21,5,명탐정 코난: 17년 전의 진상,13277,46721,271,641
2025-09-21,6,귀시,11868,55070,608,1062
2025-09-21,7,살인자 리포트,7557,351946,536,868
2025-09-21,8,프랑켄슈타인 : 더 뮤지컬 라이브,7247,31282,160,373
2025-09-21,9,좀비딸,6474,5611484,385,502
2025-09-21,10,컨저링: 마지막 의식,6444,410827,422,563
2025-09-20,1,얼굴,113135,632167,1114,4024
2025-09-20,2,극장판 귀멸의 칼날: 무한성편,94619,4722756,1095,3289
2025-09-20,3,모노노케 히메,21595,112015,589,1002
2025-09-20,4,명탐정 코난: 17년 전의 진상,17251,33444,266,664
2025-09-20,5,F1 더 무비,16795,5096926,540,875
2025-09-20,6,귀시,14469,43202,599,1102
2025-09-20,7,프랑켄슈타인 : 더 뮤지컬 라이브,10658,24035,169,390
2025-09-20,8,컨저링: 마지막 의식,9693,404383,457,634
2025-09-20,9,살인자 리포트,9594,344389,557,915
2025-09-20,10,좀비딸,7041,5605010,401,522
2025-09-19,1,얼굴,51140,519032,1048,3218
2025-09-19,2,극장판 귀멸의 칼날: 무한성편,39840,4628137,971,2829
2025-09-19,3,명탐정 코난: 17년 전의 진상,16193,16193,245,752
2025-09-19,4,모노노케 히메,10809,90420,541,962
2025-09-19,5,F1 더 무비,10012,5080131,505,836
2025-09-19,6,귀시,9376,28733,621,1250
2025-09-19,7,프랑켄슈타인 : 더 뮤지컬 라이브,8309,13377,176,410
2025-09-19,8,살인자 리포트,8202,334795,571,1010
2025-09-19,9,컨저링: 마지막 의식,6318,394690,420,592
2025-09-19,10,너의 이름은.,4689,3943926,34,39
2025-09-18,1,얼굴,34348,467892,989,2896
2025-09-18,2,극장판 귀멸의 칼날: 무한성편,25168,4588297,937,2654
2025-09-18,3,모노노케 히메,10997,79611,529,1013
2025-09-18,4,귀시,8178,19357,607,1357
2025-09-18,5,F1 더 무비,7080,5070119,516,849
2025-09-18,6,살인자 리포트,6639,326593,594,1074
2025-09-18,7,프랑켄슈타인 : 더 뮤지컬 라이브,4789,5068,19,82
2025-09-18,8,좀비딸,4217,5593955,350,424
2025-09-18,9,컨저링: 마지막 의식,4173,388372,410,573
2025-09-18,10,너의 이름은.,3701,3939237,35,38
2025-09-17,1,얼굴,39692,433544,985,2839
2025-09-17,2,극장판 귀멸의 칼날: 무한성편,35750,4563129,961,2784
2025-09-17,3,모노노케 히메,30145,68614,557,1084
2025-09-17,4,귀시,9968,11179,618,1430
2025-09-17,5,F1 더 무비,7734,5063039,521,866
2025-09-17,6,살인자 리포트,6569,319954,583,1058
2025-09-17,7,바로 지금 여기,6081,7370,84,91
2025-09-17,8,좀비딸,5020,5589738,339,415
2025-09-17,9,컨저링: 마지막 의식,4652,384199,436,602
2025-09-17,10,너의 이름은.,4284,3935536,49,55
2025-09-16,1,얼굴,37127,393852,976,3119
2025-09-16,2,극장판 귀멸의 칼날: 무한성편,28190,4527379,1053,3018
2025-09-16,3,F1 더 무비,7684,5055305,592,1015
2025-09-16,4,살인자 리포트,6828,313385,654,1346
2025-09-16,5,컨저링: 마지막 의식,6474,379547,559,980
2025-09-16,6,홈캠,5393,71643,238,602
2025-09-16,7,좀비딸,4550,5584718,477,641
2025-09-16,8,모노노케 히메,2867,38469,25,97
2025-09-16,9,건국전쟁2 ,2655,26406,314,421
2025-09-16,10,악마가 이사왔다,1163,436088,44,51
2025-09-15,1,얼굴,39495,356725,878,2935
2025-09-15,2,극장판 귀멸의 칼날: 무한성편,33239,4499189,1065,3109
2025-09-15,3,살인자 리포트,8974,306557,669,1429
2025-09-15,4,F1 더 무비,8616,5047621,602,1052
2025-09-15,5,컨저링: 마지막 의식,7298,373073,579,1059
2025-09-15,6,좀비딸,4875,5580168,459,653
2025-09-15,7,홈캠,4174,66250,235,611
2025-09-15,8,건국전쟁2 ,2902,23751,319,425
2025-09-15,9,모노노케 히메,2246,35602,25,98
2025-09-15,10,연의 편지,1452,2831,6,10
2025-09-14,1,극장판 귀멸의 칼날: 무한성편,120133,4465950,1241,3943
2025-09-14,2,얼굴,108274,317230,957,3214
2025-09-14,3,F1 더 무비,26381,5039005,649,1136
2025-09-14,4,살인자 리포트,23411,297583,802,1718
2025-09-14,5,컨저링: 마지막 의식,22977,365775,702,1379
2025-09-14,6,좀비딸,18241,5575293,564,813
2025-09-14,7,홈캠,13801,62076,280,760
2025-09-14,8,건국전쟁2 ,6042,20849,336,419
2025-09-14,9,모노노케 히메,5769,33356,26,105
2025-09-14,10,첫사랑 엔딩,5049,131102,165,220
2025-09-13,1,극장판 귀멸의 칼날: 무한성편,156109,4345817,1270,4118
2025-09-13,2,얼굴,120353,208956,915,3258
2025-09-13,3,F1 더 무비,33615,5012624,676,1179
2025-09-13,4,컨저링: 마지막 의식,32911,342798,708,1482
2025-09-13,5,살인자 리포트,29868,274172,841,1861
2025-09-13,6,좀비딸,20709,5557052,578,843
2025-09-13,7,홈캠,17274,48275,279,801
2025-09-13,8,모노노케 히메,7082,27587,26,106
2025-09-13,9,건국전쟁2 ,5495,14807,347,447
2025-09-13,10,첫사랑 엔딩,4771,126053,175,228
2025-09-12,1,극장판 귀멸의 칼날: 무한성편,54177,4189708,1125,3407
2025-09-12,2,얼굴,53287,88603,917,3329
2025-09-12,3,F1 더 무비,18067,4979009,616,1056
2025-09-12,4,컨저링: 마지막 의식,17146,309887,657,1277
2025-09-12,5,살인자 리포트,17090,244304,777,1585
2025-09-12,6,홈캠,8972,31001,275,774
2025-09-12,7,좀비딸,8076,5536343,528,788
2025-09-12,8,모노노케 히메,4483,20505,26,105
2025-09-12,9,건국전쟁2 ,2610,9312,336,509
2025-09-12,10,전력질주,2462,9175,139,360
2025-09-11,1,얼굴,35018,35316,940,3368
2025-09-11,2,극장판 귀멸의 칼날: 무한성편,33824,4135531,1073,3115
2025-09-11,3,살인자 리포트,13595,227214,700,1336
2025-09-11,4,F1 더 무비,11605,4960942,553,928
2025-09-11,5,컨저링: 마지막 의식,11276,292741,601,1108
2025-09-11,6,홈캠,7320,22029,245,723
2025-09-11,7,좀비딸,6919,5528267,492,715
2025-09-11,8,모노노케 히메,4864,16022,26,114
2025-09-11,9,퍼펙트 블루,4319,4882,138,248
2025-09-11,10,건국전쟁2 ,2548,6702,349,538
2025-09-10,1,극장판 귀멸의 칼날: 무한성편,41176,4101707,1268,3809
2025-09-10,2,살인자 리포트,18792,213619,741,1798
2025-09-10,3,F1 더 무비,16125,4949337,634,1226
2025-09-10,4,컨저링: 마지막 의식,14507,281465,700,1529
2025-09-10,5,홈캠,13306,14709,260,894
2025-09-10,6,모노노케 히메,9939,11158,26,114
2025-09-10,7,좀비딸,9807,5521348,625,1062
2025-09-10,8,건국전쟁2 ,3405,4154,379,693
2025-09-10,9,전력질주,3229,5042,168,441
2025-09-10,10,토이 스토리 ,2950,4282,54,95
2025-09-09,1,극장판 귀멸의 칼날: 무한성편,48732,4060531,1370,4223
2025-09-09,2,살인자 리포트,21398,194827,691,2231
2025-09-09,3,컨저링: 마지막 의식,15407,266958,777,1788
2025-09-09,4,F1 더 무비,9733,4933212,612,1184
2025-09-09,5,좀비딸,7944,5511541,615,1233
2025-09-09,6,첫사랑 엔딩,2697,115336,262,351
2025-09-09,7,투게더,2505,33273,196,394
2025-09-09,8,3학년 2학기,1268,8207,74,85
2025-09-09,9,3670,1040,9312,71,88
2025-09-09,10,귀시,1017,1211,4,5
